序號,縣市,鄉鎮市區,測站,監測日期,測項(單位),小時測值,,,,,,,,,,,,,,,,,,,,,,,
,,,,,,0,1,2,3,4,5,6,7,8,9,10,11,12,13,14,15,16,17,18,19,20,21,22,23
1,高雄市,左營區,左營,2017/06/30,"氮氧化物 NOx (ppb)",16,15,16,18,19,19,22,22,25,22,19,21,21,21,22,18,20,24,30,28,25,24,27,24
2,高雄市,左營區,左營,2017/06/30,"風向 WIND_DIREC (degrees)",101,78,89,66,26,30,127,125,103,112,221,219,205,204,200,198,199,200,181,182,198,200,201,32
3,高雄市,左營區,左營,2017/06/30,"臭氧 O3 (ppb)",17,15,11,5.8,4.3,6.1,10,19,25,34,48,20,14,14,9.8,8.1,6.8,3.9,1.8,1.3,1.4,1.2,0.4,0.7
4,高雄市,左營區,左營,2017/06/30,"細懸浮微粒 PM 2.5  (μg/m 3 )",4,1,14,7,16,15,28,15,13,8,13,17,13,10,1,3,5,8,10,5,8,5,10,8
5,高雄市,左營區,左營,2017/06/30,"非甲烷碳氫化合物 NMHC (ppm)",0.1,0.12,0.13,0.16,0.21,0.17,0.22,0.14,0.17,0.15,0.13,0.11,0.09,0.08,0.11,0.09,0.11,0.12,0.19,0.24,0.23,0.14,0.17,0.18
6,高雄市,左營區,左營,2017/06/30,"一氧化碳 CO (ppm)",0.31,0.31,0.3,0.33,0.31,0.3,0.42,0.49,0.58,0.46,0.39,0.24,0.21,0.17,0.19,0.19,0.23,0.26,0.42,0.57,0.54,0.33,0.27,0.3
7,高雄市,左營區,左營,2017/06/30,"一氧化氮 NO (ppb)",1.6,1.4,1.8,1.7,1.5,2.4,5.3,6.9,7.3,5.1,3.5,6.6,8.7,8.5,8.9,5.7,5.4,7.3,9.9,8.1,6.8,6.7,9.2,7.2
8,高雄市,左營區,左營,2017/06/30,"二氧化氮 NO2 (ppb)",14,14,15,16,18,17,16,15,18,17,16,14,13,13,13,12,14,16,20,19,19,17,18,17
9,高雄市,左營區,左營,2017/06/30,"相對濕度 RH (percent)",68,72,75,78,80,80,77,68,59,51,48,58,58,60,65,70,74,74,72,66,64,68,68,69
10,高雄市,左營區,左營,2017/06/30,"懸浮微粒 PM 10  (μg/m 3 )",32,33,27,31,39,41,45,38,39,37,38,41,33,32,37,34,40,28,32,24,24,21,22,18
11,高雄市,左營區,左營,2017/06/30,"甲烷 CH4 (ppm)",1.9,1.9,2,2.1,2.1,2,2,1.9,1.9,1.9,1.9,1.8,1.8,1.8,1.8,1.8,1.8,1.8,1.8,1.8,1.8,1.8,1.8,1.9
12,高雄市,左營區,左營,2017/06/30,"風速 WIND_SPEED (m/sec)",2,1.9,1.3,1.4,1.1,0.6,1.7,2.2,1.6,2.4,2.5,2.4,3.9,5.3,4.8,3.8,4.1,3.7,3.9,3.3,3,1.9,2.5,0.9
13,高雄市,左營區,左營,2017/06/30,"溫度 AMB_TEMP (℃)",29,28,28,28,28,28,29,30,32,33,34,33,33,33,32,31,30,30,30,30,31,30,30,30
14,高雄市,左營區,左營,2017/06/30,"總碳氫化合物 THC (ppm)",2,2.1,2.2,2.3,2.3,2.1,2.2,2,2,2,2,1.9,1.9,1.9,1.9,1.9,1.9,1.9,2,2.1,2.1,2,2,2.1
15,高雄市,左營區,左營,2017/06/30,"小時風速值 WS_HR (m/sec)",1.6,1.6,1.5,1.3,1,0.8,0.2,1.8,1.6,2.2,1.6,2.9,3.4,3.9,3.8,4.3,3.7,3.7,3.2,3,2.7,2.3,1.6,0.7
16,高雄市,左營區,左營,2017/06/30,"小時風向值 WD_HR (degrees)",99,97,89,52,67,64,114,126,99,132,162,215,203,202,200,201,200,203,193,186,194,194,205,167
17,高雄市,左營區,左營,2017/06/30,"二氧化硫 SO2 (ppb)",2.6,2.2,3.8,3.2,3.7,3.7,3.9,2.9,2.6,3.9,4.1,4.5,3.5,4,3.5,2.3,2.7,3.8,4.6,8.7,9.1,4.1,8.2,6.1
18,高雄市,左營區,左營,2017/06/29,"氮氧化物 NOx (ppb)",18,14,14,15,22,32,29,17,17,19,16,15,16,7,7.9,6.9,13,39,46,29,22,21,34,23
19,高雄市,左營區,左營,2017/06/29,"風向 WIND_DIREC (degrees)",72,47,26,50,24,37,33,34,310,279,286,309,286,276,258,288,53,201,16,47,30,26,123,123
20,高雄市,左營區,左營,2017/06/29,"臭氧 O3 (ppb)",14,16,15,12,9.6,6.4,10,25,28,35,52,48,38,43,55,56,44,13,6.6,13,14,13,4.9,14
21,高雄市,左營區,左營,2017/06/29,"細懸浮微粒 PM 2.5  (μg/m 3 )",11,16,16,15,16,17,22,17,8,11,18,29,21,18,5,14,16,22,16,18,10,6,3,3
22,高雄市,左營區,左營,2017/06/29,"非甲烷碳氫化合物 NMHC (ppm)",0.14,0.13,0.11,0.25,0.31,0.41,0.23,0.17,0.15,0.09,0.06,0.05,0.02,0.03,0.04,0.02,0.05,0.29,0.33,0.24,0.21,0.18,0.27,0.16
23,高雄市,左營區,左營,2017/06/29,"一氧化碳 CO (ppm)",0.26,0.22,0.21,0.19,0.16,0.26,0.31,0.3,0.32,0.28,0.22,0.25,0.24,0.12,0.16,0.16,0.22,0.68,0.9,0.62,0.51,0.45,0.65,0.43
24,高雄市,左營區,左營,2017/06/29,"一氧化氮 NO (ppb)",1.4,1,0.8,1.3,2,3.9,7.8,3.5,3.7,4.4,3.4,3.6,4.5,2.2,1.8,1.5,1.8,6.2,6.4,2.4,1.9,1.9,5.2,2
25,高雄市,左營區,左營,2017/06/29,"二氧化氮 NO2 (ppb)",16,13,13,14,20,28,21,13,13,15,12,12,11,4.7,6.1,5.4,11,33,40,26,20,19,28,21
26,高雄市,左營區,左營,2017/06/29,"相對濕度 RH (percent)",68,68,71,73,71,71,71,70,69,68,69,65,63,64,65,66,74,82,79,74,72,69,68,67
27,高雄市,左營區,左營,2017/06/29,"懸浮微粒 PM 10  (μg/m 3 )",41,46,45,43,38,32,31,39,44,47,48,52,45,33,27,29,37,41,39,36,33,32,29,35
28,高雄市,左營區,左營,2017/06/29,"甲烷 CH4 (ppm)",1.9,1.9,1.9,1.9,1.9,2,2,1.9,1.9,1.9,1.9,1.9,1.8,1.8,1.8,1.8,1.8,1.9,1.9,1.9,1.9,1.9,1.9,1.9
29,高雄市,左營區,左營,2017/06/29,"風速 WIND_SPEED (m/sec)",1.7,1.2,1.3,1.3,1.2,1.8,1.4,2.4,2,3,2.7,3.5,3.5,3.4,2.8,2.5,2.6,1.8,0.9,1.1,1.8,0.5,1.2,1.2
30,高雄市,左營區,左營,2017/06/29,"溫度 AMB_TEMP (℃)",30,30,29,29,28,28,29,30,31,32,32,32,32,32,32,32,29,28,28,28,28,28,29,29
31,高雄市,左營區,左營,2017/06/29,"總碳氫化合物 THC (ppm)",2,2,2,2.2,2.2,2.4,2.2,2.1,2,2,2,1.9,1.8,1.8,1.8,1.8,1.8,2.2,2.2,2.1,2.1,2,2.2,2
32,高雄市,左營區,左營,2017/06/29,"小時風速值 WS_HR (m/sec)",1.7,1.7,0.7,1.1,1,1.1,1.2,1.6,0.9,2.1,2.9,3.2,3.4,3.4,2.8,2.4,2.4,1.1,0.9,1.1,1.5,0.5,0.6,1.1
33,高雄市,左營區,左營,2017/06/29,"小時風向值 WD_HR (degrees)",58,47,64,37,23,30,34,43,360,296,299,299,288,284,274,273,28,187,40,38,24,21,61,120
34,高雄市,左營區,左營,2017/06/29,"二氧化硫 SO2 (ppb)",2.9,4.6,3.4,3.2,5.3,7.2,5.4,3,3.5,4.7,4.8,8.1,9.3,3.4,4.2,3,2.1,3.3,5,3.3,2.8,3.6,5.5,4.7
35,高雄市,左營區,左營,2017/06/28,"氮氧化物 NOx (ppb)",5.9,7,8.9,12,12,12,16,12,17,12,8.3,6.8,6.2,5.1,6,5.4,4.6,8.5,8.4,8.8,8.8,12,16,23
36,高雄市,左營區,左營,2017/06/28,"風向 WIND_DIREC (degrees)",345,338,48,12,334,335,360,306,315,308,297,297,286,286,289,288,298,296,309,316,344,20,24,44
37,高雄市,左營區,左營,2017/06/28,"臭氧 O3 (ppb)",16,16,11,7.3,11,11,13,21,22,25,28,33,30,26,23,20,17,16,14,14,16,12,9.8,4.6
38,高雄市,左營區,左營,2017/06/28,"細懸浮微粒 PM 2.5  (μg/m 3 )",6,7,7,13,8,13,14,10,13,8,16,6,8,6,11,2,1,,13,10,1,4,2,15
39,高雄市,左營區,左營,2017/06/28,"非甲烷碳氫化合物 NMHC (ppm)",0.01,0.01,0.08,0.19,0.1,0.11,0.2,0.09,0.07,0.01,0,0,0,-0.01,0.01,0,0,0.01,0.01,0,0.01,0.11,0.16,0.21
40,高雄市,左營區,左營,2017/06/28,"一氧化碳 CO (ppm)",0.09,0.08,0.15,0.18,0.16,0.2,0.31,0.21,0.21,0.1,0.09,0.09,0.08,0.07,0.07,0.07,0.08,0.11,0.11,0.1,0.13,0.29,0.35,0.45
41,高雄市,左營區,左營,2017/06/28,"一氧化氮 NO (ppb)",0.7,0.6,0.6,0.6,1,1.3,2.8,2.7,4.4,3.7,2.2,1.5,1.6,1.6,1.7,1.7,1.2,2.2,1.6,1.3,1.4,1.2,1.3,1.5
42,高雄市,左營區,左營,2017/06/28,"二氧化氮 NO2 (ppb)",5.2,6.4,8.3,12,11,11,13,8.9,13,8,6.2,5.3,4.6,3.6,4.3,3.8,3.4,6.2,6.8,7.5,7.4,10,14,22
43,高雄市,左營區,左營,2017/06/28,"相對濕度 RH (percent)",80,80,80,82,82,82,83,79,75,70,68,68,68,68,69,68,70,70,71,73,76,75,74,72
44,高雄市,左營區,左營,2017/06/28,"懸浮微粒 PM 10  (μg/m 3 )",20,18,28,27,33,35,41,37,37,28,29,25,26,23,19,20,14,15,24,20,13,20,28,40
45,高雄市,左營區,左營,2017/06/28,"甲烷 CH4 (ppm)",1.8,1.8,1.9,1.9,1.9,1.9,1.9,1.9,1.9,1.8,1.8,1.8,1.7,1.7,1.7,1.7,1.7,1.7,1.8,1.8,1.8,1.8,1.8,1.9
46,高雄市,左營區,左營,2017/06/28,"風速 WIND_SPEED (m/sec)",1.4,1.1,1.5,1.4,1.4,0.8,1.6,1.2,2.5,3.9,3.6,4.2,4.3,4.9,4.8,4.2,2.5,2,2.6,2.3,1.7,0.7,0.8,1.6
47,高雄市,左營區,左營,2017/06/28,"溫度 AMB_TEMP (℃)",29,29,29,29,29,29,29,29,30,31,32,32,32,32,32,32,31,31,30,30,30,30,30,30
48,高雄市,左營區,左營,2017/06/28,"總碳氫化合物 THC (ppm)",1.8,1.8,1.9,2.1,2,2,2.1,1.9,1.9,1.8,1.8,1.8,1.7,1.7,1.8,1.7,1.7,1.8,1.8,1.8,1.8,1.9,2,2.1
49,高雄市,左營區,左營,2017/06/28,"小時風速值 WS_HR (m/sec)",0.7,0.8,1,0.8,0.7,0.7,0.9,1.2,1.9,3.2,3.2,3.3,3.8,4.2,4.3,3.7,3,1.9,2.2,2.5,1.2,0.5,0.6,0.9
50,高雄市,左營區,左營,2017/06/28,"小時風向值 WD_HR (degrees)",359,345,25,2.7,358,2.7,11,311,302,306,300,293,290,296,288,289,302,308,307,308,329,12,28,38
51,高雄市,左營區,左營,2017/06/28,"二氧化硫 SO2 (ppb)",2.5,3.3,2.5,2.6,2.6,3.5,3.7,3,4.6,4.4,2.8,2.8,2.9,1.9,1.7,1.7,1.2,1.8,1.8,2.7,1.9,3,3.3,3.8
52,高雄市,左營區,左營,2017/06/27,"氮氧化物 NOx (ppb)",4.7,5.1,9.1,9.7,9.9,10,12,14,9.1,7.6,6.6,5.6,6.1,6.8,5.8,6.1,,8.7,7.7,5.2,7.4,9.8,11,9.2
53,高雄市,左營區,左營,2017/06/27,"風向 WIND_DIREC (degrees)",288,300,285,279,339,49,318,309,287,282,282,284,295,292,300,305,302,296,306,332,308,330,312,1.7
54,高雄市,左營區,左營,2017/06/27,"臭氧 O3 (ppb)",15,13,10,8.2,7.5,8.5,12,13,16,21,22,24,24,25,23,20,,17,16,19,16,14,12,14
55,高雄市,左營區,左營,2017/06/27,"細懸浮微粒 PM 2.5  (μg/m 3 )",3,1,11,5,9,5,8,13,18,19,17,9,9,8,4,7,,,14,8,8,4,10,5
56,高雄市,左營區,左營,2017/06/27,"非甲烷碳氫化合物 NMHC (ppm)",0.07,0.03,0.04,0.05,0.13,0.07,0.12,0.05,0.18,0.06,0.01,0.01,0,0.01,0.01,0,,0,0,0.01,0.01,0.01,0.01,0.01
57,高雄市,左營區,左營,2017/06/27,"一氧化碳 CO (ppm)",0.08,0.07,0.07,0.07,0.08,0.13,0.18,0.14,0.12,0.09,0.1,0.09,0.08,0.08,0.08,0.07,,0.1,0.09,0.11,0.13,0.11,0.1,0.09
58,高雄市,左營區,左營,2017/06/27,"一氧化氮 NO (ppb)",0.8,1,1.1,1.4,0.8,1,2.2,4.8,2.4,2,1.9,1.4,1.7,1.9,1.9,2,,1.4,1.2,0.4,0.3,0.7,0.7,1
59,高雄市,左營區,左營,2017/06/27,"二氧化氮 NO2 (ppb)",3.9,4.1,7.9,8.3,9.1,9.5,9.8,9.3,6.8,5.6,4.8,4.2,4.4,4.9,3.9,4.1,,7.3,6.5,4.8,7.1,9.1,10,8.1
60,高雄市,左營區,左營,2017/06/27,"相對濕度 RH (percent)",79,80,81,81,81,80,80,76,73,70,69,69,69,69,69,69,71,74,76,78,78,78,79,80
61,高雄市,左營區,左營,2017/06/27,"懸浮微粒 PM 10  (μg/m 3 )",27,30,33,29,28,29,31,36,27,35,26,26,17,25,30,34,,15,22,26,33,31,27,16
62,高雄市,左營區,左營,2017/06/27,"甲烷 CH4 (ppm)",1.8,1.8,1.8,1.8,1.8,1.8,1.8,1.8,1.8,1.8,1.8,1.8,1.8,1.7,1.7,1.7,,1.7,1.7,1.7,1.8,1.8,1.8,1.8
63,高雄市,左營區,左營,2017/06/27,"風速 WIND_SPEED (m/sec)",1.9,1.6,0.9,1.2,1.2,1.3,1.2,1.8,2.4,2.6,3.7,3.8,4.3,4.7,4.7,4.5,4.4,4.1,3,1.5,1.1,1.5,1.6,1.9
64,高雄市,左營區,左營,2017/06/27,"溫度 AMB_TEMP (℃)",29,29,29,29,29,29,30,30,31,31,32,32,32,32,32,32,31,30,30,30,30,30,29,29
65,高雄市,左營區,左營,2017/06/27,"總碳氫化合物 THC (ppm)",1.8,1.8,1.8,1.8,1.9,1.9,2,1.8,1.9,1.8,1.8,1.8,1.8,1.8,1.8,1.8,,1.7,1.7,1.8,1.8,1.8,1.8,1.8
66,高雄市,左營區,左營,2017/06/27,"小時風速值 WS_HR (m/sec)",1.6,1.2,0.7,0.7,0.8,0.9,0.6,1.2,1.8,2.2,3,3.3,3.8,4.3,4.6,5,4.2,4,3.4,2,1.3,1.3,1.3,1.1
67,高雄市,左營區,左營,2017/06/27,"小時風向值 WD_HR (degrees)",282,301,305,313,283,22,3.8,314,292,291,295,293,294,297,296,301,299,301,307,310,318,319,314,332
68,高雄市,左營區,左營,2017/06/27,"二氧化硫 SO2 (ppb)",2.3,2.1,2.3,2.3,3,2.9,2.9,3.1,3.2,2.5,2.3,2.5,2.8,3.1,2.6,3,,1.9,2.2,1.5,2,2.4,2.5,2.2
69,高雄市,左營區,左營,2017/06/25,"氮氧化物 NOx (ppb)",5.4,4.8,4.8,5.4,16,24,13,8.4,6.9,5.3,4.2,4.3,3.5,2.9,3.5,4.8,4.5,4.5,5.7,7.1,5.9,6.6,7.1,5
70,高雄市,左營區,左營,2017/06/25,"風向 WIND_DIREC (degrees)",306,276,318,347,44,41,47,15,299,279,333,283,300,271,288,251,274,283,272,256,258,265,244,261
71,高雄市,左營區,左營,2017/06/25,"臭氧 O3 (ppb)",16,16,15,14,6,2.5,13,22,23,27,22,23,24,24,22,22,23,19,17,16,18,17,16,17
72,高雄市,左營區,左營,2017/06/25,"細懸浮微粒 PM 2.5  (μg/m 3 )",1,1,1,1,1,3,11,6,4,1,1,1,2,5,1,1,3,5,4,1,2,1,5,6
73,高雄市,左營區,左營,2017/06/25,"非甲烷碳氫化合物 NMHC (ppm)",0.04,0.03,0.03,0.03,0.17,0.57,0.12,0.05,0.04,0.05,0.24,0.14,0.19,0.12,0.46,0.61,0.37,0.32,0.23,0.28,0.29,0.28,0.29,0.26
74,高雄市,左營區,左營,2017/06/25,"一氧化碳 CO (ppm)",0.08,0.07,0.07,0.06,0.15,0.27,0.18,0.14,0.11,0.11,0.07,0.07,0.07,0.07,0.07,0.08,0.09,0.08,0.12,0.15,0.11,0.13,0.14,0.1
75,高雄市,左營區,左營,2017/06/25,"一氧化氮 NO (ppb)",0.3,0.4,0.2,0.3,1.7,7,2.8,1.8,1.8,1,0.8,0.9,0.8,0.6,0.7,0.9,0.9,0.6,0.6,0.6,0.5,0.5,0.7,0.4
76,高雄市,左營區,左營,2017/06/25,"二氧化氮 NO2 (ppb)",5.1,4.4,4.5,5.1,14,17,10,6.6,5.1,4.3,3.4,3.5,2.7,2.3,2.8,3.8,3.6,3.9,5.1,6.4,5.4,6.1,6.4,4.6
77,高雄市,左營區,左營,2017/06/25,"相對濕度 RH (percent)",75,77,80,80,80,81,78,74,70,69,68,69,69,67,65,68,68,69,71,74,74,74,76,75
78,高雄市,左營區,左營,2017/06/25,"懸浮微粒 PM 10  (μg/m 3 )",28,26,24,28,26,34,33,28,17,16,25,23,28,18,28,21,30,23,30,26,32,28,27,22
79,高雄市,左營區,左營,2017/06/25,"甲烷 CH4 (ppm)",1.8,1.8,1.8,1.8,1.9,2,1.8,1.8,1.8,1.8,1.8,1.8,1.8,1.8,1.8,1.8,1.8,1.8,1.8,1.8,1.8,1.8,1.8,1.8
80,高雄市,左營區,左營,2017/06/25,"風速 WIND_SPEED (m/sec)",0.9,0.9,0.6,0.5,1.7,1.1,1.3,2,2.4,3,3,3.2,3.7,2.7,3.5,2.9,3.2,2.7,2.3,1.8,1.7,1.4,1.5,1.9
81,高雄市,左營區,左營,2017/06/25,"溫度 AMB_TEMP (℃)",30,29,29,29,29,29,30,30,31,32,32,32,32,32,32,32,32,31,31,30,30,30,30,30
82,高雄市,左營區,左營,2017/06/25,"總碳氫化合物 THC (ppm)",1.8,1.8,1.8,1.8,2,2.5,2,1.9,1.8,1.8,2,1.9,2,1.9,2.2,2.4,2.1,2.1,2,2,2.1,2.1,2.1,2
83,高雄市,左營區,左營,2017/06/25,"小時風速值 WS_HR (m/sec)",0.9,0.6,0.6,0.4,1.2,1.2,1.1,0.7,1.1,1.9,2.5,2.5,3.1,3.5,3,2.5,2.5,2.7,1.9,1.4,1.5,1.3,1.2,1.2
84,高雄市,左營區,左營,2017/06/25,"小時風向值 WD_HR (degrees)",296,310,303,348,38,33,45,313,304,292,304,297,294,291,287,276,275,277,267,265,247,246,242,251
85,高雄市,左營區,左營,2017/06/25,"二氧化硫 SO2 (ppb)",3.7,2.3,2.3,2.1,2.7,7,3.5,2.6,2.5,2.5,2,1.9,2.1,1.8,2.3,2.8,2,1.7,1.7,2.2,2.1,2.5,2.1,2.3
86,高雄市,左營區,左營,2017/06/23,"氮氧化物 NOx (ppb)",9,8.8,7.3,6.3,13,24,25,11,7.2,8.8,8,8.4,6.1,6.5,7.6,9.2,7.6,8.9,8.4,9.8,8.8,11,17,14
87,高雄市,左營區,左營,2017/06/23,"風向 WIND_DIREC (degrees)",325,285,291,321,335,13,309,303,293,299,213,290,258,248,272,271,293,264,314,328,341,29,327,263
88,高雄市,左營區,左營,2017/06/23,"臭氧 O3 (ppb)",12,12,10,9.3,5.8,2.4,6.4,14,16,19,24,23,25,27,25,28,37,23,20,18,19,16,9.7,13
89,高雄市,左營區,左營,2017/06/23,"細懸浮微粒 PM 2.5  (μg/m 3 )",1,8,9,9,8,11,,12,13,11,12,7,2,8,9,9,7,16,12,9,3,,8,7
90,高雄市,左營區,左營,2017/06/23,"非甲烷碳氫化合物 NMHC (ppm)",0.02,0.01,0.02,0.03,0.02,0.08,0.12,0.01,0,0,0.02,0.03,0.08,0.32,1.49,5.37,10.07,,0.49,0.2,0.16,0.2,0.29,0.3
91,高雄市,左營區,左營,2017/06/23,"一氧化碳 CO (ppm)",0.12,0.1,0.1,0.11,0.11,0.22,0.21,0.13,0.11,0.09,0.12,0.13,0.12,0.19,0.28,0.14,0.12,0.12,0.11,0.16,0.18,0.23,0.32,0.24
92,高雄市,左營區,左營,2017/06/23,"一氧化氮 NO (ppb)",0.8,0.8,0.9,0.7,1.3,7.5,9.8,3.1,2,2.5,2,2.3,1.4,1.5,1.4,1.7,1.2,0.5,0.8,0.9,1,1.1,1.1,0.8
93,高雄市,左營區,左營,2017/06/23,"二氧化氮 NO2 (ppb)",8.2,8,6.4,5.6,12,16,15,7.4,5.2,6.3,6,6.1,4.8,5,6.1,7.5,6.4,8.5,7.6,8.9,7.8,9.9,16,14
94,高雄市,左營區,左營,2017/06/23,"相對濕度 RH (percent)",78,78,76,75,78,81,80,73,63,64,63,58,63,64,66,68,71,75,76,77,76,76,77,77
95,高雄市,左營區,左營,2017/06/23,"懸浮微粒 PM 10  (μg/m 3 )",13,18,18,19,16,21,18,25,21,25,20,21,21,22,24,31,68,70,58,20,12,16,22,36
96,高雄市,左營區,左營,2017/06/23,"甲烷 CH4 (ppm)",1.8,1.8,1.8,1.8,1.8,1.8,1.8,1.8,1.8,1.8,1.8,1.8,1.8,1.8,1.8,1.8,1.8,,1.8,1.8,1.8,1.8,1.9,1.9
97,高雄市,左營區,左營,2017/06/23,"風速 WIND_SPEED (m/sec)",0.6,1,1,0.7,0.5,0.5,0.8,1.7,2.8,2.9,1.9,3.9,3.6,3.2,3.6,3.3,2.7,2.4,2,1.9,1.9,0.9,0.7,1
98,高雄市,左營區,左營,2017/06/23,"溫度 AMB_TEMP (℃)",29,29,29,29,29,29,29,30,31,32,33,33,33,33,33,32,31,31,30,30,30,30,30,30
99,高雄市,左營區,左營,2017/06/23,"總碳氫化合物 THC (ppm)",1.8,1.8,1.8,1.8,1.8,1.9,2,1.8,1.8,1.8,1.8,1.8,1.8,2.1,3.3,7.1,12,,2.3,2,1.9,2,2.2,2.2
100,高雄市,左營區,左營,2017/06/23,"小時風速值 WS_HR (m/sec)",0.7,0.9,0.9,0.9,0.7,0.6,0.6,1.2,1.8,3,2.1,2.1,2.7,2.8,2.7,3,2.3,2,1.9,1,1.1,0.9,0.6,0.6
101,高雄市,左營區,左營,2017/06/23,"小時風向值 WD_HR (degrees)",290,279,293,288,313,24,322,300,299,296,282,256,252,240,253,271,266,281,299,330,331,332,341,291
102,高雄市,左營區,左營,2017/06/23,"二氧化硫 SO2 (ppb)",4,2.1,2.2,2.8,5.7,6.3,6.9,4,3,,2,2.1,2.1,2.6,4,8.5,17,3.7,2.5,2,1.7,2,3.7,4.9
103,高雄市,左營區,左營,2017/06/22,"氮氧化物 NOx (ppb)",16,15,20,15,15,19,28,32,26,13,6.3,4.7,4,4.8,4.8,4.8,6.4,6.2,8.2,6.9,10,8.9,7.7,7.6
104,高雄市,左營區,左營,2017/06/22,"風向 WIND_DIREC (degrees)",332,35,123,124,77,87,75,175,216,219,301,280,289,277,282,273,272,270,285,316,322,27,317,314
105,高雄市,左營區,左營,2017/06/22,"臭氧 O3 (ppb)",2.4,2.2,1,4.2,4.8,3.2,5.9,13,19,16,18,20,22,26,25,30,26,23,18,17,15,15,17,15
106,高雄市,左營區,左營,2017/06/22,"細懸浮微粒 PM 2.5  (μg/m 3 )",10,,13,13,9,1,8,6,19,10,9,6,3,5,1,6,3,2,6,7,,6,2,2
107,高雄市,左營區,左營,2017/06/22,"非甲烷碳氫化合物 NMHC (ppm)",0.12,0.13,0.25,0.12,0.12,0.13,0.19,0.23,0.18,0.06,0.01,0,0,-0.01,-0.01,-0.01,0,0,0.01,0,0,0.01,0.02,0.01
108,高雄市,左營區,左營,2017/06/22,"一氧化碳 CO (ppm)",0.19,0.13,0.34,0.25,0.24,0.29,0.43,0.6,0.43,0.18,0.11,0.09,0.09,0.09,0.09,0.09,0.11,0.11,0.13,0.11,0.12,0.14,0.15,0.13
109,高雄市,左營區,左營,2017/06/22,"一氧化氮 NO (ppb)",1.8,1.1,4,1.3,1.3,3.2,11,12,7.4,4.4,2,1.3,1.1,1.2,1.4,1.2,1.6,1.4,1.3,1.1,1.3,1.1,1.1,0.9
110,高雄市,左營區,左營,2017/06/22,"二氧化氮 NO2 (ppb)",14,13,16,14,13,16,17,20,19,8.6,4.3,3.5,2.9,3.6,3.4,3.6,4.8,4.8,6.9,5.8,8.9,7.9,6.6,6.7
111,高雄市,左營區,左營,2017/06/22,"相對濕度 RH (percent)",75,78,77,74,72,71,69,65,64,61,57,57,55,60,63,67,70,73,71,74,77,78,77,77
112,高雄市,左營區,左營,2017/06/22,"懸浮微粒 PM 10  (μg/m 3 )",21,20,29,20,29,26,31,31,34,36,29,30,28,25,17,18,20,21,18,20,14,19,13,17
113,高雄市,左營區,左營,2017/06/22,"甲烷 CH4 (ppm)",1.8,1.8,2.1,2,2,1.9,2,2,1.9,1.8,1.8,1.8,1.8,1.8,1.8,1.8,1.8,1.8,1.8,1.8,1.8,1.8,1.8,1.8
114,高雄市,左營區,左營,2017/06/22,"風速 WIND_SPEED (m/sec)",0.6,1.2,1.8,2.6,0.9,1.2,1.9,1.5,2.5,2.8,3.8,2.6,3,4,4.5,4.5,2.9,3.4,1.9,2,1.5,1.7,1.1,1.2
115,高雄市,左營區,左營,2017/06/22,"溫度 AMB_TEMP (℃)",30,29,29,29,29,29,29,31,32,33,33,33,34,33,33,32,32,31,31,30,30,30,30,30
116,高雄市,左營區,左營,2017/06/22,"總碳氫化合物 THC (ppm)",1.9,2,2.4,2.1,2.1,2.1,2.2,2.2,2.1,1.9,1.8,1.8,1.8,1.8,1.8,1.8,1.8,1.8,1.8,1.8,1.8,1.8,1.8,1.8
117,高雄市,左營區,左營,2017/06/22,"小時風速值 WS_HR (m/sec)",0.3,0.7,0.8,1.7,1.3,1.1,1.5,1.3,1.6,1.7,2.1,3.2,2.9,3.8,4.2,4,3.3,4,2.2,2.1,1.5,0.8,0.8,1
118,高雄市,左營區,左營,2017/06/22,"小時風向值 WD_HR (degrees)",263,306,92,103,105,83,87,106,200,221,269,295,291,283,279,274,272,275,271,292,314,347,340,311
119,高雄市,左營區,左營,2017/06/22,"二氧化硫 SO2 (ppb)",4.9,6,4.3,3,3.2,3.7,3.5,6.1,6.1,2.8,1.3,1.2,1.3,2.1,1.5,1.9,1.3,0.5,1.3,0.4,1,0.4,0.5,1.3
120,高雄市,左營區,左營,2017/06/21,"氮氧化物 NOx (ppb)",16,17,26,19,13,13,18,30,21,16,10,8.2,5.8,7.1,6.8,7.2,8,9.9,11,11,13,14,16,17
121,高雄市,左營區,左營,2017/06/21,"風向 WIND_DIREC (degrees)",249,31,50,96,98,155,122,166,202,195,205,229,216,218,187,223,228,251,222,216,167,202,197,209
122,高雄市,左營區,左營,2017/06/21,"臭氧 O3 (ppb)",2.9,4.5,0.3,2.5,6.3,6.6,8.9,13,13,14,19,21,18,20,17,17,16,14,11,9.6,8.2,5.9,3.5,2.2
123,高雄市,左營區,左營,2017/06/21,"細懸浮微粒 PM 2.5  (μg/m 3 )",11,12,10,14,8,6,1,9,12,10,9,1,4,6,9,8,10,11,12,9,,8,5,5
124,高雄市,左營區,左營,2017/06/21,"非甲烷碳氫化合物 NMHC (ppm)",0.15,0.15,0.25,0.14,0.09,0.09,0.14,0.23,0.13,0.06,0.03,0.04,0.02,0.02,0.03,0.02,0.04,0.07,0.07,0.08,0.08,0.11,0.1,0.13
125,高雄市,左營區,左營,2017/06/21,"一氧化碳 CO (ppm)",0.21,0.17,0.42,0.26,0.17,0.2,0.31,0.63,0.29,0.17,0.14,0.15,0.12,0.12,0.12,0.13,0.16,0.23,0.25,0.26,0.28,0.32,0.29,0.24
126,高雄市,左營區,左營,2017/06/21,"一氧化氮 NO (ppb)",1.4,3.1,7.8,2.8,1.2,1.4,4.8,11,7.2,6.3,3.3,2.4,1.6,2.3,2.1,2.3,2.6,1.8,1.5,0.9,1.7,1.5,1.8,2.3
127,高雄市,左營區,左營,2017/06/21,"二氧化氮 NO2 (ppb)",15,14,18,17,12,11,13,19,14,9.6,6.9,5.8,4.2,4.7,4.7,4.9,5.3,8.1,9.4,11,11,13,15,15
128,高雄市,左營區,左營,2017/06/21,"相對濕度 RH (percent)",72,74,75,71,68,67,63,61,65,67,63,64,63,63,62,61,60,66,69,71,73,74,72,73
129,高雄市,左營區,左營,2017/06/21,"懸浮微粒 PM 10  (μg/m 3 )",24,24,28,34,42,38,36,34,41,39,34,22,27,22,21,14,17,28,26,29,14,17,15,17
130,高雄市,左營區,左營,2017/06/21,"甲烷 CH4 (ppm)",1.8,1.9,2.1,2,1.9,1.9,1.9,1.9,1.8,1.8,1.8,1.8,1.8,1.8,1.8,1.8,1.8,1.8,1.8,1.8,1.8,1.8,1.8,1.8
131,高雄市,左營區,左營,2017/06/21,"風速 WIND_SPEED (m/sec)",1,1.2,0.9,1.3,1.2,1.1,2,2.3,2.6,3.6,3.6,3.6,4,2.4,3.1,3.3,2,1.4,1.9,1.9,1.2,1.6,1.8,1.2
132,高雄市,左營區,左營,2017/06/21,"溫度 AMB_TEMP (℃)",30,29,29,29,28,29,30,31,31,32,32,33,33,32,33,33,32,32,31,30,30,30,30,30
133,高雄市,左營區,左營,2017/06/21,"總碳氫化合物 THC (ppm)",2,2,2.4,2.1,2,2,2,2.1,1.9,1.8,1.8,1.8,1.8,1.8,1.8,1.8,1.8,1.9,1.8,1.9,1.9,1.9,1.9,2
134,高雄市,左營區,左營,2017/06/21,"小時風速值 WS_HR (m/sec)",1,0,1.1,1.3,1.1,0.9,1.4,2,2.3,2.5,3.2,2.8,3,2.8,2.5,2.6,2.1,1.8,1.3,1.5,0.9,0.3,1.3,0.7
135,高雄市,左營區,左營,2017/06/21,"小時風向值 WD_HR (degrees)",241,7.2,40,94,131,114,141,154,206,200,198,209,224,215,218,213,213,231,229,212,194,248,213,224
136,高雄市,左營區,左營,2017/06/21,"二氧化硫 SO2 (ppb)",4.2,3.3,3.4,4.5,3.4,1.9,2.4,5.7,4.8,3,1.8,1.8,1.6,1.7,1.6,1.4,1.4,1.7,1.5,2.5,2,2.8,4,6.3
137,高雄市,左營區,左營,2017/06/20,"氮氧化物 NOx (ppb)",9.8,8.6,14,16,16,19,25,31,21,10,8.9,5.3,3.6,3.9,3.4,4.6,3.9,6.6,7.8,9.3,8.4,13,16,18
138,高雄市,左營區,左營,2017/06/20,"風向 WIND_DIREC (degrees)",321,177,109,157,192,137,83,37,222,207,213,254,254,283,212,247,250,239,269,358,264,191,252,216
139,高雄市,左營區,左營,2017/06/20,"臭氧 O3 (ppb)",12,11,5.8,3.5,3.3,2.9,4.9,7.6,12,15,17,17,17,18,20,16,15,14,13,12,13,9.2,5.5,3.1
140,高雄市,左營區,左營,2017/06/20,"細懸浮微粒 PM 2.5  (μg/m 3 )",3,7,10,14,11,11,6,9,6,8,11,10,13,5,11,11,11,2,7,4,13,10,14,14
141,高雄市,左營區,左營,2017/06/20,"非甲烷碳氫化合物 NMHC (ppm)",0.06,0.05,0.11,0.16,0.18,0.19,0.2,0.28,0.14,0.05,0.04,0.02,0.01,0.01,0.01,0.02,0.02,0.02,0.03,0.05,0.02,0.08,0.11,0.16
142,高雄市,左營區,左營,2017/06/20,"一氧化碳 CO (ppm)",0.13,0.12,0.26,0.29,0.29,0.3,0.37,0.63,0.4,0.15,0.15,0.11,0.09,0.08,0.08,0.1,0.1,0.13,0.15,0.24,0.14,0.28,0.29,0.31
143,高雄市,左營區,左營,2017/06/20,"一氧化氮 NO (ppb)",0.6,0.4,0.8,1,1.5,2.7,7.9,12,7,3.3,2.8,1.6,1,1.2,0.7,1.3,1.1,1.3,1,0.8,0.8,0.9,1.3,2.1
144,高雄市,左營區,左營,2017/06/20,"二氧化氮 NO2 (ppb)",9.2,8.3,14,15,15,17,17,19,14,6.7,6.1,3.8,2.6,2.7,2.8,3.3,2.8,5.4,6.8,8.6,7.7,12,14,16
145,高雄市,左營區,左營,2017/06/20,"相對濕度 RH (percent)",78,80,79,80,79,80,79,77,73,68,66,68,59,61,65,59,55,62,66,70,71,73,74,73
146,高雄市,左營區,左營,2017/06/20,"懸浮微粒 PM 10  (μg/m 3 )",24,24,32,38,39,37,41,41,35,32,27,30,24,25,24,27,21,19,19,24,23,26,24,31
147,高雄市,左營區,左營,2017/06/20,"甲烷 CH4 (ppm)",1.8,1.8,2,2.1,2.1,2.1,2.1,2.2,1.9,1.8,1.8,1.8,1.8,1.8,1.8,1.8,1.8,1.8,1.8,1.8,1.8,1.8,1.8,1.8
148,高雄市,左營區,左營,2017/06/20,"風速 WIND_SPEED (m/sec)",0.6,1.3,2.1,1.6,1.1,2.1,2.1,1.2,2.3,2.3,2.3,2,1.7,3,2.1,2.7,2.1,1.4,1.2,0.7,0.8,1.7,1,1
149,高雄市,左營區,左營,2017/06/20,"溫度 AMB_TEMP (℃)",29,29,29,28,28,28,29,29,30,31,31,31,32,32,32,32,32,31,30,30,30,30,30,30
150,高雄市,左營區,左營,2017/06/20,"總碳氫化合物 THC (ppm)",1.9,1.9,2.1,2.3,2.3,2.3,2.3,2.5,2,1.8,1.8,1.8,1.8,1.8,1.8,1.8,1.8,1.8,1.8,1.8,1.8,1.9,1.9,2
151,高雄市,左營區,左營,2017/06/20,"小時風速值 WS_HR (m/sec)",0.6,0,1.5,1.9,1.1,1.4,1.5,1.2,1.3,1.8,2,2,1.8,1.8,1.7,1.6,1.7,1.6,1.1,0.5,0.7,0.7,0.5,0.3
152,高雄市,左營區,左營,2017/06/20,"小時風向值 WD_HR (degrees)",234,109,104,130,187,134,116,70,209,217,208,250,241,276,267,240,250,259,244,337,286,198,254,216
153,高雄市,左營區,左營,2017/06/20,"二氧化硫 SO2 (ppb)",2.8,2.3,3.5,4.1,4.5,5.7,6.6,4.9,4.9,4,3.1,2.3,1.8,1.7,2.1,1.5,1.2,1.8,2.3,2.6,2.8,2.5,3,3.6
154,高雄市,左營區,左營,2017/06/18,"氮氧化物 NOx (ppb)",7.8,9.9,8.9,11,9.9,9.8,15,15,15,24,21,10,7.1,8.2,6.5,6.7,7.3,9,12,14,18,23,22,21
155,高雄市,左營區,左營,2017/06/18,"風向 WIND_DIREC (degrees)",119,138,163,145,310,99,121,150,139,154,200,221,219,207,191,205,236,218,237,247,265,283,226,194
156,高雄市,左營區,左營,2017/06/18,"臭氧 O3 (ppb)",11,8.6,8.8,6.4,9.4,13,8,8.2,12,16,23,18,19,16,18,15,13,9.5,6.6,6.2,3.8,1.8,1.4,2.3
157,高雄市,左營區,左營,2017/06/18,"細懸浮微粒 PM 2.5  (μg/m 3 )",1,1,2,3,6,2,8,4,5,2,9,7,9,4,11,11,13,4,8,1,8,1,5,13
158,高雄市,左營區,左營,2017/06/18,"非甲烷碳氫化合物 NMHC (ppm)",0.04,0.07,0.1,0.12,0.09,0.03,0.09,0.1,0.1,0.19,0.16,0.04,0.02,0.03,0.02,0.02,0.03,0.06,0.08,0.11,0.14,0.15,0.13,0.1
159,高雄市,左營區,左營,2017/06/18,"一氧化碳 CO (ppm)",0.16,0.21,0.25,0.23,0.17,0.16,0.23,0.3,0.35,0.59,0.48,0.17,0.15,0.15,0.13,0.15,0.17,0.23,0.28,0.29,0.37,0.42,0.38,0.25
160,高雄市,左營區,左營,2017/06/18,"一氧化氮 NO (ppb)",1.1,0.7,0.7,0.5,0.6,0.7,1.8,3.2,4.3,7.2,5.3,3.3,2,3,2.6,2.2,1.8,2.1,2.4,1.8,3,6,4.8,3.4
161,高雄市,左營區,左營,2017/06/18,"二氧化氮 NO2 (ppb)",6.7,9.2,8.2,10,9.4,9.1,14,12,11,17,16,6.9,5.1,5.2,4,4.5,5.5,6.9,10,12,15,17,17,18
162,高雄市,左營區,左營,2017/06/18,"相對濕度 RH (percent)",91,91,90,90,89,90,91,91,91,89,84,78,74,73,70,71,73,74,75,75,77,79,80,80
163,高雄市,左營區,左營,2017/06/18,"懸浮微粒 PM 10  (μg/m 3 )",35,25,24,19,27,22,30,20,22,22,34,44,41,42,31,33,32,35,38,32,27,23,22,27
164,高雄市,左營區,左營,2017/06/18,"甲烷 CH4 (ppm)",1.9,1.9,2,2,2,1.8,1.9,1.9,1.9,1.9,1.9,1.8,1.8,1.8,1.8,1.8,1.8,1.8,1.8,1.8,1.8,1.8,1.8,1.8
165,高雄市,左營區,左營,2017/06/18,"風速 WIND_SPEED (m/sec)",1.5,2.2,0.9,1.5,1.9,1.3,1.3,1.4,1.6,2.1,3.8,3.6,3.5,4.4,3.8,3.4,1.7,1.4,1.2,1.5,1.4,0.6,1.6,1.6
166,高雄市,左營區,左營,2017/06/18,"溫度 AMB_TEMP (℃)",26,26,26,26,26,26,25,26,26,28,29,30,31,31,31,30,30,30,30,29,29,29,29,29
167,高雄市,左營區,左營,2017/06/18,"總碳氫化合物 THC (ppm)",2,2,2.1,2.1,2.1,1.9,2,2,2,2.1,2,1.8,1.8,1.8,1.8,1.8,1.8,1.8,1.9,1.9,1.9,2,2,1.9
168,高雄市,左營區,左營,2017/06/18,"小時風速值 WS_HR (m/sec)",1.8,1.5,0.9,1,1,0.2,1.4,1.2,1,1.4,2.2,3.5,3.3,3.6,3.5,3.1,1.7,0.9,1,1.4,0.9,0.8,0.6,1.6
169,高雄市,左營區,左營,2017/06/18,"小時風向值 WD_HR (degrees)",132,145,154,115,113,357,102,124,144,134,171,209,211,198,207,206,224,229,226,242,242,217,219,190
170,高雄市,左營區,左營,2017/06/18,"二氧化硫 SO2 (ppb)",1.1,1.9,2,6.5,5.7,1.6,1.5,1.4,1.2,2.2,5,3.4,2.1,2.5,1.5,1.4,1.5,1.1,1.2,1.8,2.3,3.5,5.2,6.9
171,高雄市,左營區,左營,2017/06/16,"氮氧化物 NOx (ppb)",20,17,15,14,9.9,12,15,36,53,29,16,5.3,4.3,5.9,6.6,,9,12,13,14,30,34,18,19
172,高雄市,左營區,左營,2017/06/16,"風向 WIND_DIREC (degrees)",326,129,109,111,73,75,147,109,111,68,261,277,292,245,273,256,239,256,263,16,50,88,99,153
173,高雄市,左營區,左營,2017/06/16,"臭氧 O3 (ppb)",3.5,5.6,6.1,7.2,10,7.3,6.8,5.5,4.9,12,17,20,22,19,22,,14,10,9.6,8.6,1.4,1.3,6.3,6
174,高雄市,左營區,左營,2017/06/16,"細懸浮微粒 PM 2.5  (μg/m 3 )",21,13,11,11,9,5,7,9,23,24,28,13,12,4,12,6,12,13,18,9,4,6,9,8
175,高雄市,左營區,左營,2017/06/16,"非甲烷碳氫化合物 NMHC (ppm)",0.18,0.17,0.18,0.1,0.07,0.11,0.11,0.24,0.36,0.2,0.12,0.01,0,,0.02,,0.04,0.06,0.05,0.09,0.21,0.28,0.1,0.13
176,高雄市,左營區,左營,2017/06/16,"一氧化碳 CO (ppm)",0.39,0.37,0.3,0.19,0.14,0.19,0.25,0.7,1.01,0.44,0.24,0.11,0.09,0.12,0.11,,0.18,0.26,0.22,0.28,0.48,0.42,0.3,0.34
177,高雄市,左營區,左營,2017/06/16,"一氧化氮 NO (ppb)",3.1,1.5,1.3,1.5,1,0.9,2.3,17,27,13,5.6,1.3,0.7,1.4,1.5,,1.7,2.3,1.8,1.6,8.8,10,2.2,2
178,高雄市,左營區,左營,2017/06/16,"二氧化氮 NO2 (ppb)",17,15,14,13,9,11,13,19,26,16,10,4,3.7,4.5,5.1,,7.3,10,11,12,22,24,16,17
179,高雄市,左營區,左營,2017/06/16,"相對濕度 RH (percent)",84,85,86,88,88,88,87,84,80,77,76,77,73,75,75,,82,83,84,85,87,88,88,87
180,高雄市,左營區,左營,2017/06/16,"懸浮微粒 PM 10  (μg/m 3 )",36,32,36,38,39,32,33,32,34,36,42,45,37,33,36,42,37,33,30,38,41,38,37,30
181,高雄市,左營區,左營,2017/06/16,"甲烷 CH4 (ppm)",1.9,1.9,1.9,1.9,1.9,1.9,1.9,1.9,1.9,1.8,1.8,1.7,1.7,,1.7,,1.7,1.8,1.7,1.8,1.8,1.9,1.8,1.8
182,高雄市,左營區,左營,2017/06/16,"風速 WIND_SPEED (m/sec)",1.5,1.5,1.9,1.3,1.4,1.6,1.6,1.2,1.7,2,2.3,2.7,2.9,4.1,3.9,1.6,2.1,1.9,1.6,1.2,2.1,1.5,2,1.3
183,高雄市,左營區,左營,2017/06/16,"溫度 AMB_TEMP (℃)",27,27,26,26,26,26,26,27,28,29,30,30,31,31,31,,29,29,29,29,28,27,27,27
184,高雄市,左營區,左營,2017/06/16,"總碳氫化合物 THC (ppm)",2.1,2.1,2.1,2,1.9,2,2,2.1,2.3,2,1.9,1.8,1.7,,1.8,,1.8,1.8,1.8,1.9,2,2.1,1.9,2
185,高雄市,左營區,左營,2017/06/16,"小時風速值 WS_HR (m/sec)",0.4,0.4,1.2,0.9,1.1,0.5,0.6,1,1.4,1.6,1.2,2.6,2.8,2.4,3,,1.5,1.7,1.4,0.8,1.6,1.3,1.3,1.3
186,高雄市,左營區,左營,2017/06/16,"小時風向值 WD_HR (degrees)",167,115,74,114,84,120,103,116,131,75,286,269,285,245,265,,253,256,268,275,38,74,92,138
187,高雄市,左營區,左營,2017/06/16,"二氧化硫 SO2 (ppb)",7.4,5.6,4.1,3.4,2.3,1.8,1.8,2.3,4.5,,1.8,1.2,0.3,,,,,1.7,1.8,1.9,3.5,5.1,2.5,2.7
188,高雄市,左營區,左營,2017/06/15,"氮氧化物 NOx (ppb)",23,9.1,9.4,14,14,15,17,34,47,40,29,33,35,43,41,25,27,37,48,50,63,70,58,38
189,高雄市,左營區,左營,2017/06/15,"二氧化硫 SO2 (ppb)",4.7,1.2,1,2.4,1.5,0.6,0.9,1.4,1.9,2.4,2.6,2.7,2.4,3.4,2.9,2.5,2.2,2.2,3.1,5,5.4,6.7,7.2,7.6
190,高雄市,左營區,左營,2017/06/15,"臭氧 O3 (ppb)",8.7,18,14,9.8,13,12,12,5.4,3.3,3.5,5.8,3.8,4.2,2.6,4.6,8.3,6.8,3.7,1.4,0.6,0.7,0.8,0.9,1.2
191,高雄市,左營區,左營,2017/06/15,"細懸浮微粒 PM 2.5  (μg/m 3 )",10,7,9,4,7,7,6,13,9,16,5,10,10,13,11,4,9,6,10,9,13,12,20,19
192,高雄市,左營區,左營,2017/06/15,"非甲烷碳氫化合物 NMHC (ppm)",0.23,0.05,0.08,0.1,0.08,0.09,0.07,0.21,0.3,0.23,0.2,0.24,0.21,0.22,0.28,0.19,0.2,0.31,0.38,0.45,0.51,0.54,0.6,0.38
193,高雄市,左營區,左營,2017/06/15,"一氧化碳 CO (ppm)",0.25,0.12,0.17,0.16,0.12,0.19,0.22,0.63,0.87,0.51,0.33,0.35,0.4,0.42,0.4,0.26,0.34,0.64,0.88,0.92,1.18,1.29,1.34,0.83
194,高雄市,左營區,左營,2017/06/15,"一氧化氮 NO (ppb)",3.1,0.6,0.4,0.6,1.5,1.5,2.9,12,20,17,9,11,14,20,19,9.5,7.8,14,22,23,37,45,34,17
195,高雄市,左營區,左營,2017/06/15,"二氧化氮 NO2 (ppb)",20,8.4,9,14,12,13,14,22,27,23,20,22,21,23,22,16,19,23,27,27,26,25,24,21
196,高雄市,左營區,左營,2017/06/15,"相對濕度 RH (percent)",86,88,89,89,89,90,89,88,89,90,91,92,92,92,93,93,92,90,89,88,88,88,87,86
197,高雄市,左營區,左營,2017/06/15,"懸浮微粒 PM 10  (μg/m 3 )",32,32,33,28,26,24,23,22,26,30,32,24,20,24,32,37,35,29,29,29,38,44,50,44
198,高雄市,左營區,左營,2017/06/15,"甲烷 CH4 (ppm)",1.9,1.8,1.8,1.9,1.8,1.9,1.8,1.9,1.9,1.9,1.9,1.9,1.9,1.9,1.9,1.8,1.9,1.9,1.9,1.9,1.9,2,2,1.9
199,高雄市,左營區,左營,2017/06/15,"風速 WIND_SPEED (m/sec)",2,0.7,1.3,2.4,1.1,0.9,1,1.6,1.7,1.5,1.8,1.8,1.5,1.4,2.2,1.7,1.2,1.3,1,0.9,1.1,0.9,0.7,1.1
200,高雄市,左營區,左營,2017/06/15,"溫度 AMB_TEMP (℃)",27,26,26,26,26,26,26,26,26,26,25,25,26,26,26,26,26,27,27,27,27,27,27,27
201,高雄市,左營區,左營,2017/06/15,"總碳氫化合物 THC (ppm)",2.1,1.9,1.9,2,1.9,1.9,1.9,2.1,2.2,2.1,2.1,2.1,2.1,2.1,2.1,2,2.1,2.2,2.3,2.3,2.4,2.5,2.6,2.3
202,高雄市,左營區,左營,2017/06/15,"小時風速值 WS_HR (m/sec)",0.4,0.1,0.4,1.1,0.7,0.5,1.1,0.7,1.4,1.6,1.9,1.4,1.2,0.6,1.6,2,1.3,1.3,1.1,0.4,0.6,0.3,0.5,1
203,高雄市,左營區,左營,2017/06/15,"小時風向值 WD_HR (degrees)",344,139,41,131,140,136,122,128,71,114,94,111,60,88,101,95,89,56,51,53,35,60,143,97
204,高雄市,左營區,左營,2017/06/15,"風向 WIND_DIREC (degrees)",204,7.4,271,187,49,96,128,78,98,128,86,161,61,197,104,97,94,56,92,52,66,326,335,95
205,高雄市,左營區,左營,2017/06/13,"氮氧化物 NOx (ppb)",11,7.1,9,9.6,8.8,9.2,12,19,22,20,15,17,11,9.1,12,11,12,11,9.9,13,10,9.8,11,12
206,高雄市,左營區,左營,2017/06/13,"風向 WIND_DIREC (degrees)",105,178,125,119,104,114,127,133,150,203,198,197,201,195,200,194,213,215,230,248,209,194,200,90
207,高雄市,左營區,左營,2017/06/13,"臭氧 O3 (ppb)",13,16,13,14,16,13,13,14,17,18,19,21,22,18,17,17,15,14,15,10,11,14,12,8.9
208,高雄市,左營區,左營,2017/06/13,"細懸浮微粒 PM 2.5  (μg/m 3 )",5,5,7,8,7,6,1,1,8,14,,,1,1,6,12,8,5,12,10,10,4,12,5
209,高雄市,左營區,左營,2017/06/13,"非甲烷碳氫化合物 NMHC (ppm)",0.04,0.03,0.05,0.06,0.04,0.05,0.08,0.14,0.17,0.13,0.1,0.11,0.09,0.05,0.07,0.05,0.07,0.08,0.08,0.11,0.1,0.06,0.06,0.06
210,高雄市,左營區,左營,2017/06/13,"一氧化碳 CO (ppm)",0.14,0.11,0.12,0.11,0.09,0.11,0.21,0.43,0.49,0.31,0.16,0.16,0.12,0.12,0.13,0.13,0.17,0.22,0.23,0.27,0.24,0.18,0.19,0.17
211,高雄市,左營區,左營,2017/06/13,"一氧化氮 NO (ppb)",0.8,0.8,0.9,0.8,1.6,1.4,3.1,7.1,7.8,7.1,6,5.7,3.7,3,4.3,3.5,3.3,2.5,1.9,2.7,1.5,1.3,1.6,1.3
212,高雄市,左營區,左營,2017/06/13,"二氧化氮 NO2 (ppb)",10,6.3,8.1,8.7,7.2,7.8,8.9,12,14,13,9.4,11,7,6.1,7.4,7.2,8.3,8.6,8,10,8.9,8.5,9.1,10
213,高雄市,左營區,左營,2017/06/13,"相對濕度 RH (percent)",85,84,85,87,86,86,82,74,68,63,62,60,59,60,62,64,68,71,74,78,79,77,77,76
214,高雄市,左營區,左營,2017/06/13,"懸浮微粒 PM 10  (μg/m 3 )",31,32,24,21,19,22,24,26,25,40,41,,,39,34,35,34,39,38,39,35,33,27,28
215,高雄市,左營區,左營,2017/06/13,"甲烷 CH4 (ppm)",1.8,1.8,1.9,1.9,1.9,1.9,1.9,1.9,1.8,1.8,1.8,1.8,1.8,1.8,1.8,1.8,1.8,1.8,1.8,1.8,1.8,1.8,1.8,1.8
216,高雄市,左營區,左營,2017/06/13,"風速 WIND_SPEED (m/sec)",2.4,2.3,1.9,2.9,2,2.1,2.5,3.7,3.6,4.1,4.3,3.9,4.1,4.4,4,4.3,2.8,3.3,1.1,1.4,1.9,2.6,2.7,1.8
217,高雄市,左營區,左營,2017/06/13,"溫度 AMB_TEMP (℃)",28,28,27,27,27,27,28,30,32,32,33,33,33,33,33,32,32,31,30,30,30,30,30,30
218,高雄市,左營區,左營,2017/06/13,"總碳氫化合物 THC (ppm)",1.9,1.9,1.9,1.9,1.9,2,2,2,2,1.9,1.9,1.9,1.8,1.8,1.8,1.8,1.8,1.8,1.8,1.9,1.9,1.8,1.8,1.9
219,高雄市,左營區,左營,2017/06/13,"小時風速值 WS_HR (m/sec)",2.4,1.4,1.6,2.1,2.1,2.2,2,2.9,2.7,3.2,3.1,3.2,3.7,4.2,3.8,4.3,3.4,3,2.4,1,0.5,1.9,1.4,1.5
220,高雄市,左營區,左營,2017/06/13,"小時風向值 WD_HR (degrees)",90,143,124,122,111,113,131,141,157,189,196,185,199,199,193,198,204,211,213,227,227,205,202,156
221,高雄市,左營區,左營,2017/06/13,"二氧化硫 SO2 (ppb)",2.5,0.9,0.9,1.2,0.6,0.6,0.8,2.9,5.5,6.1,2.9,4.4,2.1,1.6,2,1.7,1.6,1.1,1.1,1.2,1.5,1.9,2.2,2
222,高雄市,左營區,左營,2017/06/11,"氮氧化物 NOx (ppb)",13,12,12,11,16,19,16,15,16,15,11,10,10,8.6,8.8,9.7,10,11,12,12,14,17,19,17
223,高雄市,左營區,左營,2017/06/11,"風向 WIND_DIREC (degrees)",139,76,111,170,151,115,86,157,176,202,201,177,199,202,199,201,203,225,203,198,169,154,167,169
224,高雄市,左營區,左營,2017/06/11,"臭氧 O3 (ppb)",5.2,5.5,5.4,5.8,4.6,4,9.1,15,19,19,19,18,18,17,17,19,22,24,22,19,16,14,12,14
225,高雄市,左營區,左營,2017/06/11,"細懸浮微粒 PM 2.5  (μg/m 3 )",18,9,14,7,5,4,5,10,,16,12,1,6,6,9,7,9,6,7,9,4,8,1,1
226,高雄市,左營區,左營,2017/06/11,"非甲烷碳氫化合物 NMHC (ppm)",0.12,0.08,0.08,0.1,0.14,0.16,0.11,0.1,0.1,0.16,0.11,0.04,0.04,0.02,0.03,0.03,0.04,0.04,0.04,0.03,0.05,0.07,0.11,0.13
227,高雄市,左營區,左營,2017/06/11,"一氧化碳 CO (ppm)",0.24,0.21,0.21,0.21,0.26,0.33,0.22,0.29,0.4,0.33,0.15,0.15,0.15,0.13,0.14,0.15,0.18,0.21,0.21,0.19,0.22,0.22,0.24,0.18
228,高雄市,左營區,左營,2017/06/11,"一氧化氮 NO (ppb)",1.4,1.1,0.9,0.9,2.2,3.4,4.8,5,4.7,4.9,4,3.8,3.9,3.4,3.5,3.3,2.9,2.3,1.9,1.6,1.8,1.9,1.9,1.8
229,高雄市,左營區,左營,2017/06/11,"二氧化氮 NO2 (ppb)",12,11,11,10,14,15,11,10,12,10,6.6,6.2,6.3,5.2,5.3,6.4,7.2,8.7,10,10,13,15,17,15
230,高雄市,左營區,左營,2017/06/11,"相對濕度 RH (percent)",70,72,75,74,72,70,68,66,62,62,62,61,60,61,65,67,69,75,74,75,74,72,71,72
231,高雄市,左營區,左營,2017/06/11,"懸浮微粒 PM 10  (μg/m 3 )",38,37,34,26,29,33,31,24,24,29,27,22,21,28,28,31,30,35,30,29,27,26,19,14
232,高雄市,左營區,左營,2017/06/11,"甲烷 CH4 (ppm)",1.9,1.9,1.9,1.9,1.9,1.9,1.9,1.9,1.8,1.8,1.8,1.8,1.8,1.8,1.8,1.8,1.8,1.8,1.8,1.8,1.8,1.8,1.8,1.8
233,高雄市,左營區,左營,2017/06/11,"風速 WIND_SPEED (m/sec)",2.6,1.4,1.6,2,1.8,2.3,2.5,2.4,4,6,5.5,4.6,5.7,5.2,5.4,3.7,3.8,2.5,2.6,2.4,1.7,2.1,2.1,2.4
234,高雄市,左營區,左營,2017/06/11,"溫度 AMB_TEMP (℃)",31,30,30,30,30,30,30,31,32,33,33,33,34,33,33,33,32,31,31,31,31,31,31,31
235,高雄市,左營區,左營,2017/06/11,"總碳氫化合物 THC (ppm)",2.1,2,2,2,2.1,2.1,2,2,1.9,1.9,1.9,1.8,1.8,1.8,1.8,1.8,1.8,1.8,1.8,1.8,1.8,1.9,1.9,1.9
236,高雄市,左營區,左營,2017/06/11,"小時風速值 WS_HR (m/sec)",2.4,1.6,1,1.5,1.9,1.4,2.1,1.7,3.3,4.1,5.1,4.2,4.1,4.8,4.6,4.2,3.2,2.8,2.2,2,1.6,1.7,1.4,2
237,高雄市,左營區,左營,2017/06/11,"小時風向值 WD_HR (degrees)",150,85,71,141,149,116,127,126,155,186,194,184,190,201,202,202,208,208,207,204,200,177,178,188
238,高雄市,左營區,左營,2017/06/11,"二氧化硫 SO2 (ppb)",4.5,2.7,1.9,2.4,4.1,4.6,3.2,3,4.5,6.1,2.8,1.6,1.5,1.3,1.1,1.6,1.6,1.9,2.4,2,2.1,3.8,4.4,5.2
239,高雄市,左營區,左營,2017/06/10,"氮氧化物 NOx (ppb)",17,14,13,19,26,19,18,21,25,27,18,15,11,11,11,9.9,9.9,12,15,17,24,23,21,18
240,高雄市,左營區,左營,2017/06/10,"風向 WIND_DIREC (degrees)",77,127,45,27,45,113,57,62,241,198,192,203,207,199,206,193,196,207,203,161,191,203,179,137
241,高雄市,左營區,左營,2017/06/10,"臭氧 O3 (ppb)",5.2,7.8,7.5,3.7,1.7,5,10,17,28,11,12,15,14,11,11,13,14,12,7.6,7.1,2.1,2.2,2.3,3.6
242,高雄市,左營區,左營,2017/06/10,"細懸浮微粒 PM 2.5  (μg/m 3 )",2,4,3,5,16,,18,15,18,19,18,12,10,6,6,11,11,16,19,14,9,3,13,14
243,高雄市,左營區,左營,2017/06/10,"非甲烷碳氫化合物 NMHC (ppm)",0.17,0.11,0.1,0.21,0.34,0.14,0.11,0.13,0.21,0.17,0.09,0.08,0.05,0.04,0.05,0.04,0.04,0.06,0.06,0.09,0.11,0.11,0.15,0.23
244,高雄市,左營區,左營,2017/06/10,"一氧化碳 CO (ppm)",0.36,0.27,0.23,0.24,0.28,0.28,0.3,0.4,0.52,0.38,0.28,0.18,0.14,0.14,0.13,0.13,0.15,0.2,0.21,0.22,0.28,0.31,0.33,0.44
245,高雄市,左營區,左營,2017/06/10,"一氧化氮 NO (ppb)",2,0.6,0.6,0.7,2,2.1,3.7,5.9,6.3,12,8.3,6.7,4.3,4.6,4.7,3.9,3.2,3.7,3,1.9,3.8,3.8,3.8,2.3
246,高雄市,左營區,左營,2017/06/10,"二氧化氮 NO2 (ppb)",15,13,12,18,23,17,14,15,19,15,9.3,8.6,6.6,5.9,6,6.1,6.7,8.4,12,15,20,19,18,16
247,高雄市,左營區,左營,2017/06/10,"相對濕度 RH (percent)",71,73,73,76,77,76,72,68,64,60,56,59,61,60,61,65,66,66,72,75,73,70,69,66
248,高雄市,左營區,左營,2017/06/10,"懸浮微粒 PM 10  (μg/m 3 )",23,33,31,34,24,21,26,34,41,42,39,44,39,37,37,34,30,30,32,39,31,33,34,36
249,高雄市,左營區,左營,2017/06/10,"甲烷 CH4 (ppm)",1.9,1.9,1.9,1.9,2,1.9,1.9,1.9,1.9,1.8,1.8,1.8,1.8,1.8,1.8,1.8,1.8,1.8,1.8,1.8,1.8,1.8,1.8,1.8
250,高雄市,左營區,左營,2017/06/10,"風速 WIND_SPEED (m/sec)",1.8,0.9,1.6,1.3,1,1.4,1.1,1.6,1.9,4.7,4.5,5,5.4,3.7,4.3,4.9,3.2,2.9,3,2,3.3,2.6,2.6,3.7
251,高雄市,左營區,左營,2017/06/10,"溫度 AMB_TEMP (℃)",30,30,30,29,29,29,30,31,32,33,34,34,34,34,33,33,33,32,31,31,31,31,31,31
252,高雄市,左營區,左營,2017/06/10,"總碳氫化合物 THC (ppm)",2.1,2,2,2.1,2.3,2.1,2,2.1,2.2,2,1.9,1.9,1.8,1.8,1.8,1.8,1.8,1.8,1.8,1.9,1.9,1.9,2,2.1
253,高雄市,左營區,左營,2017/06/10,"小時風速值 WS_HR (m/sec)",1.8,0.5,0.9,1.2,0.9,1.3,0.9,1.1,0.3,3.3,4,3.9,4.9,4.8,4.9,4.3,3.3,3.1,2.9,2.7,2.4,2.2,2,2.5
254,高雄市,左營區,左營,2017/06/10,"小時風向值 WD_HR (degrees)",113,91,67,35,62,100,65,51,222,198,188,200,201,201,200,199,205,204,202,194,197,195,197,156
255,高雄市,左營區,左營,2017/06/10,"二氧化硫 SO2 (ppb)",1,,,0,0.4,,,,,3.3,0.3,,2.5,2.4,2.5,2.2,2.1,2.2,2.8,3.4,4.5,5.5,7.2,7.3
256,高雄市,左營區,左營,2017/06/09,"氮氧化物 NOx (ppb)",21,14,15,14,16,16,34,36,38,30,23,18,10,8.3,8.9,7.8,9.3,13,16,21,24,22,25,22
257,高雄市,左營區,左營,2017/06/09,"風向 WIND_DIREC (degrees)",127,92,48,41,35,27,18,12,318,292,263,206,212,211,216,227,228,236,221,118,328,200,192,175
258,高雄市,左營區,左營,2017/06/09,"臭氧 O3 (ppb)",18,20,15,13,12,13,15,25,38,59,73,50,24,21,18,13,13,11,8.8,5,6.3,2.3,0.8,0.9
259,高雄市,左營區,左營,2017/06/09,"細懸浮微粒 PM 2.5  (μg/m 3 )",9,6,3,13,12,17,15,6,14,16,28,16,16,10,11,7,2,5,5,12,16,12,5,1
260,高雄市,左營區,左營,2017/06/09,"非甲烷碳氫化合物 NMHC (ppm)",0.17,0.12,0.12,0.12,0.11,0.15,0.46,0.32,0.4,0.23,0.16,0.11,0.04,0.04,0.03,0.03,0.04,0.06,0.08,0.12,0.16,0.1,0.1,0.14
261,高雄市,左營區,左營,2017/06/09,"一氧化碳 CO (ppm)",0.37,0.25,0.25,0.24,0.23,0.24,0.42,0.44,0.68,0.48,0.35,0.36,0.16,0.13,0.14,0.14,0.16,0.22,0.29,0.35,0.33,0.23,0.24,0.26
262,高雄市,左營區,左營,2017/06/09,"一氧化氮 NO (ppb)",1.1,0.6,0.9,0.9,0.6,0.8,5.5,6.6,6.1,4.2,1.9,2.5,2.3,2,2.5,2.4,2.6,3.9,2.6,2.5,1.7,3.9,6.7,4.3
263,高雄市,左營區,左營,2017/06/09,"二氧化氮 NO2 (ppb)",20,13,14,14,15,15,28,29,32,26,21,16,7.9,6.3,6.4,5.4,6.7,9.2,14,18,22,18,18,17
264,高雄市,左營區,左營,2017/06/09,"相對濕度 RH (percent)",77,75,77,80,80,80,78,72,67,64,67,59,61,64,64,62,56,56,65,70,72,73,65,66
265,高雄市,左營區,左營,2017/06/09,"懸浮微粒 PM 10  (μg/m 3 )",40,39,39,45,53,39,40,34,47,47,61,59,50,31,27,27,25,27,29,28,28,24,25,21
266,高雄市,左營區,左營,2017/06/09,"甲烷 CH4 (ppm)",1.9,1.9,1.9,1.9,1.9,1.9,2,1.9,1.9,1.9,1.9,1.8,1.8,1.8,1.8,1.8,1.8,1.8,1.8,1.8,1.8,1.8,1.8,1.8
267,高雄市,左營區,左營,2017/06/09,"風速 WIND_SPEED (m/sec)",1.5,1,1.1,1.2,0.7,0.9,1.2,1.2,1.5,2.2,2.5,2.9,3,2.9,4.1,2.8,2.7,3.3,1.7,1,1.2,2.3,3,2.8
268,高雄市,左營區,左營,2017/06/09,"溫度 AMB_TEMP (℃)",29,28,28,28,28,28,29,30,31,32,32,33,33,33,33,33,33,33,31,31,31,31,31,31
269,高雄市,左營區,左營,2017/06/09,"總碳氫化合物 THC (ppm)",2.1,2,2,2,2,2.1,2.4,2.3,2.3,2.1,2,2,1.8,1.8,1.8,1.8,1.8,1.9,1.9,1.9,2,1.9,1.9,2
270,高雄市,左營區,左營,2017/06/09,"小時風速值 WS_HR (m/sec)",1.1,1,0.9,1,1.1,0.6,0.5,0.5,0.7,1.2,2.9,3.1,2.9,2.8,3.3,3,2,2.1,1.9,1.3,0.8,2.3,2.2,2.7
271,高雄市,左營區,左營,2017/06/09,"小時風向值 WD_HR (degrees)",92,55,56,57,41,29,2.4,354,14,300,288,210,206,225,213,225,234,225,207,198,194,194,194,191
272,高雄市,左營區,左營,2017/06/09,"二氧化硫 SO2 (ppb)",,,,,,,0.7,4.3,4.5,,5.1,2.8,,2.7,1.9,1.4,1.7,2.9,4.3,4.4,6.2,8.4,9.1,10
273,高雄市,左營區,左營,2017/06/08,"氮氧化物 NOx (ppb)",14,16,13,11,20,26,26,24,17,10,11,10,8.2,5.3,3.2,3.8,6,6.4,10,16,35,29,38,47
274,高雄市,左營區,左營,2017/06/08,"風向 WIND_DIREC (degrees)",50,298,175,284,248,228,65,229,208,197,196,211,213,280,282,260,255,287,53,48,47,18,36,28
275,高雄市,左營區,左營,2017/06/08,"臭氧 O3 (ppb)",14,12,13,15,7.4,1.7,4.2,7.1,12,18,19,25,23,18,19,16,16,21,27,11,3.6,13,5,2.4
276,高雄市,左營區,左營,2017/06/08,"細懸浮微粒 PM 2.5  (μg/m 3 )",12,21,23,24,24,,,8,10,11,18,10,7,1,3,8,10,15,15,13,14,8,18,13
277,高雄市,左營區,左營,2017/06/08,"非甲烷碳氫化合物 NMHC (ppm)",0.11,0.1,0.15,0.13,0.23,0.27,0.16,0.14,0.07,0.05,0.05,0.05,0.03,0.01,0,0.01,0.02,0.02,0.03,0.08,0.22,0.38,0.7,0.54
278,高雄市,左營區,左營,2017/06/08,"一氧化碳 CO (ppm)",0.23,0.3,0.22,0.2,0.25,0.26,0.25,0.28,0.25,0.19,0.18,0.17,0.16,0.1,0.09,0.09,0.12,0.13,0.17,0.29,0.59,0.42,0.51,0.55
279,高雄市,左營區,左營,2017/06/08,"一氧化氮 NO (ppb)",0.7,0.6,0.4,0.4,0.8,5.4,10,10,7.2,3.7,3.8,3,2.6,1.9,1.2,1.2,1.8,1.8,1,1.7,7.4,1.3,2.1,8.1
280,高雄市,左營區,左營,2017/06/08,"二氧化氮 NO2 (ppb)",13,15,13,11,19,21,15,14,9.6,6.7,7.1,6.9,5.6,3.4,2.1,2.6,4.2,4.6,9.5,14,28,28,36,39
281,高雄市,左營區,左營,2017/06/08,"相對濕度 RH (percent)",83,79,82,86,88,88,86,77,73,69,64,63,62,65,71,72,69,73,77,85,88,84,83,81
282,高雄市,左營區,左營,2017/06/08,"懸浮微粒 PM 10  (μg/m 3 )",33,32,38,32,34,23,24,19,29,31,36,27,23,17,20,21,24,27,34,32,32,37,43,50
283,高雄市,左營區,左營,2017/06/08,"甲烷 CH4 (ppm)",1.9,1.9,1.9,1.9,1.9,1.9,1.8,1.8,1.8,1.8,1.8,1.8,1.8,1.8,1.8,1.8,1.8,1.8,1.8,1.8,1.9,1.9,1.9,1.9
284,高雄市,左營區,左營,2017/06/08,"風速 WIND_SPEED (m/sec)",1.6,1,1.8,1,1,1,1.3,2.2,3,3.4,3.1,2.5,2.9,4.6,3.7,2.5,2.3,3,2.5,1.9,1.9,0.6,0.6,0.8
285,高雄市,左營區,左營,2017/06/08,"溫度 AMB_TEMP (℃)",30,30,29,28,28,28,29,30,31,32,32,33,33,33,32,32,32,31,30,28,28,28,28,29
286,高雄市,左營區,左營,2017/06/08,"總碳氫化合物 THC (ppm)",2,2,2.1,2.1,2.1,2.1,2,1.9,1.9,1.8,1.9,1.8,1.8,1.8,1.8,1.8,1.8,1.8,1.8,1.9,2.1,2.3,2.6,2.5
287,高雄市,左營區,左營,2017/06/08,"小時風速值 WS_HR (m/sec)",0.9,0.7,0.8,1,0.3,0.7,0.6,1.2,2.5,2.5,2.8,2.7,2.4,3.1,3.4,3,2,2,1,2.1,0.8,1.2,0.9,0.8
288,高雄市,左營區,左營,2017/06/08,"小時風向值 WD_HR (degrees)",32,20,172,207,324,217,189,222,210,203,206,207,216,269,275,274,251,274,332,49,53,43,24,95
289,高雄市,左營區,左營,2017/06/08,"二氧化硫 SO2 (ppb)",2.5,3.4,2.6,2.9,5.7,10,12,10,4.5,3.2,2.9,3.8,3.5,3.2,2.3,2.6,2.2,1.9,2.5,1.6,3.6,5.5,9.5,11
290,高雄市,左營區,左營,2017/06/07,"氮氧化物 NOx (ppb)",6.8,7,13,17,18,17,21,23,26,39,14,9.3,8.3,6.8,8.8,7.3,6.4,4.6,6.3,7.8,10,15,9.2,7.6
291,高雄市,左營區,左營,2017/06/07,"風向 WIND_DIREC (degrees)",301,316,353,177,33,88,51,123,238,215,212,201,214,219,201,205,278,292,305,320,311,286,274,315
292,高雄市,左營區,左營,2017/06/07,"臭氧 O3 (ppb)",17,14,8.3,7,6.8,4.5,7.5,16,19,14,25,24,25,21,20,20,19,20,31,27,22,15,21,22
293,高雄市,左營區,左營,2017/06/07,"細懸浮微粒 PM 2.5  (μg/m 3 )",1,6,2,13,,15,14,10,17,17,12,13,11,11,6,2,5,8,14,11,16,14,16,13
294,高雄市,左營區,左營,2017/06/07,"非甲烷碳氫化合物 NMHC (ppm)",0.02,0.02,0.02,0.18,0.17,0.15,0.16,0.21,0.23,0.21,0.09,0.05,0.04,0.02,0.02,0.03,0.02,0.01,0.02,0.02,0.04,0.04,0.02,0.02
295,高雄市,左營區,左營,2017/06/07,"一氧化碳 CO (ppm)",0.1,0.1,0.1,0.23,0.28,0.26,0.33,0.49,0.46,0.4,0.2,0.17,0.14,0.12,0.13,0.13,0.12,0.09,0.1,0.15,0.17,0.17,0.15,0.12
296,高雄市,左營區,左營,2017/06/07,"一氧化氮 NO (ppb)",0.8,0.9,0.9,1.1,0.9,1.5,5.1,6,5.9,14,3.9,2.6,2.2,1.8,2.5,2,1.6,1,0.5,0.3,0.6,0.5,0.5,0.5
297,高雄市,左營區,左營,2017/06/07,"二氧化氮 NO2 (ppb)",6,6.2,13,16,17,16,16,17,20,24,9.8,6.7,6.1,5,6.3,5.3,4.8,3.6,5.8,7.5,9.3,15,8.7,7.2
298,高雄市,左營區,左營,2017/06/07,"相對濕度 RH (percent)",85,85,85,84,86,88,87,83,74,71,66,64,64,62,61,59,65,74,79,81,80,79,80,84
299,高雄市,左營區,左營,2017/06/07,"懸浮微粒 PM 10  (μg/m 3 )",20,18,21,24,25,26,27,27,28,31,32,25,25,20,25,27,30,32,27,33,33,34,32,28
300,高雄市,左營區,左營,2017/06/07,"甲烷 CH4 (ppm)",1.8,1.8,1.8,2,1.9,2.3,2.2,2,1.9,1.8,1.8,1.8,1.8,1.8,1.8,1.8,1.8,1.8,1.8,1.8,1.8,1.8,1.8,1.8
301,高雄市,左營區,左營,2017/06/07,"風速 WIND_SPEED (m/sec)",0.9,0.6,0.5,1.7,0.5,1.1,1,1.9,2.1,2.6,3.5,2.7,3.7,4,2.8,3.2,2.9,3.2,1.8,1.2,1,1.5,1.3,0.9
302,高雄市,左營區,左營,2017/06/07,"溫度 AMB_TEMP (℃)",29,29,29,29,29,29,29,30,31,32,32,33,33,33,33,33,32,31,30,30,30,30,30,30
303,高雄市,左營區,左營,2017/06/07,"總碳氫化合物 THC (ppm)",1.8,1.8,1.8,2.2,2.1,2.4,2.3,2.2,2.1,2.1,1.9,1.8,1.8,1.8,1.8,1.8,1.8,1.8,1.8,1.8,1.8,1.8,1.8,1.8
304,高雄市,左營區,左營,2017/06/07,"小時風速值 WS_HR (m/sec)",0.8,0.6,0.6,0.1,0.5,0.8,1,1.2,1.2,1.5,2.5,2.6,2.9,3.7,2.9,2.6,1.9,3,2.5,1.3,1.2,1.2,0.9,0.7
305,高雄市,左營區,左營,2017/06/07,"小時風向值 WD_HR (degrees)",309,305,342,341,68,96,75,105,208,172,210,216,219,214,209,211,262,292,305,317,316,304,276,296
306,高雄市,左營區,左營,2017/06/07,"二氧化硫 SO2 (ppb)",4.6,2.8,4.2,3.9,5.3,3.6,4.4,6.6,10,21,5.2,3.4,3.7,2.8,3.4,3,2.9,2.8,2.8,2.5,2.7,3.3,2.5,2.2
307,高雄市,左營區,左營,2017/06/06,"氮氧化物 NOx (ppb)",20,13,13,13,15,23,23,33,30,33,16,8.5,8.1,8,7.8,4.5,7,6.4,5.3,10,14,12,18,12
308,高雄市,左營區,左營,2017/06/06,"風向 WIND_DIREC (degrees)",277,96,71,70,53,76,94,146,139,203,203,211,204,221,236,257,293,303,300,303,319,341,269,304
309,高雄市,左營區,左營,2017/06/06,"臭氧 O3 (ppb)",4.3,10,7.9,7.6,6.6,3.7,6.5,13,27,27,25,25,24,24,20,21,22,26,25,21,17,18,10,15
310,高雄市,左營區,左營,2017/06/06,"細懸浮微粒 PM 2.5  (μg/m 3 )",11,12,11,12,13,17,9,13,14,16,11,8,7,6,8,12,12,9,9,4,1,7,4,11
311,高雄市,左營區,左營,2017/06/06,"非甲烷碳氫化合物 NMHC (ppm)",0.15,0.09,0.13,0.11,0.12,0.13,0.14,0.19,0.21,0.23,0.08,0.04,0.04,0.11,0.04,0.01,0.03,0.01,0,0.01,0.01,0.01,0.02,0.01
312,高雄市,左營區,左營,2017/06/06,"一氧化碳 CO (ppm)",0.17,0.13,0.21,0.22,0.24,0.26,0.34,0.63,0.81,0.5,0.22,0.16,0.15,0.13,0.11,0.1,0.14,0.12,0.1,0.12,0.13,0.12,0.14,0.11
313,高雄市,左營區,左營,2017/06/06,"一氧化氮 NO (ppb)",1.5,0.8,1.1,1,1.2,5.2,7.1,11,7.3,8.3,4.7,2.4,2.2,2.1,2.2,1,1.6,1.1,0.8,0.7,1.1,0.9,1.4,1.3
314,高雄市,左營區,左營,2017/06/06,"二氧化氮 NO2 (ppb)",19,12,12,12,14,18,16,21,22,25,11,6.2,5.9,5.9,5.6,3.4,5.4,5.3,4.5,9.5,13,11,17,10
315,高雄市,左營區,左營,2017/06/06,"相對濕度 RH (percent)",84,84,85,86,84,83,79,72,66,62,61,58,55,51,52,60,60,71,77,81,83,85,84,84
316,高雄市,左營區,左營,2017/06/06,"懸浮微粒 PM 10  (μg/m 3 )",35,29,33,40,49,37,33,32,46,48,41,40,33,36,29,29,23,22,27,30,24,17,18,18
317,高雄市,左營區,左營,2017/06/06,"甲烷 CH4 (ppm)",1.8,1.9,2.1,2.1,2,2,1.9,1.9,1.9,1.8,1.8,1.8,1.8,1.8,1.8,1.8,1.8,1.8,1.8,1.8,1.8,1.8,1.8,1.8
318,高雄市,左營區,左營,2017/06/06,"風速 WIND_SPEED (m/sec)",0.9,1.4,1.4,1.2,1.2,1.8,1.8,1.2,2.7,2.4,3.3,3.7,2.6,3,3.3,2.6,3,3.1,2.1,2.2,1.6,0.8,1,1.2
319,高雄市,左營區,左營,2017/06/06,"溫度 AMB_TEMP (℃)",29,29,29,28,28,28,28,30,31,32,33,33,34,34,34,33,33,32,30,30,30,30,30,29
320,高雄市,左營區,左營,2017/06/06,"總碳氫化合物 THC (ppm)",2,2,2.3,2.2,2.2,2.1,2.1,2.1,2.1,2.1,1.9,1.8,1.8,1.9,1.8,1.8,1.8,1.8,1.8,1.8,1.8,1.8,1.8,1.8
321,高雄市,左營區,左營,2017/06/06,"小時風速值 WS_HR (m/sec)",0.6,0.9,1.5,1.1,1.1,1.5,1.3,1,1.5,1.7,2.9,2.9,2.3,2.5,2.8,2.4,1.3,2.3,2.3,1.9,1.3,1.1,0.7,1.1
322,高雄市,左營區,左營,2017/06/06,"小時風向值 WD_HR (degrees)",232,129,93,81,64,67,92,124,128,176,217,215,204,217,219,260,266,288,295,307,318,336,293,283
323,高雄市,左營區,左營,2017/06/06,"二氧化硫 SO2 (ppb)",7.1,3.2,2.3,2.2,2.2,2.7,2.8,4.5,7.5,,3.1,1.2,1.1,1.5,0.8,0.4,0.5,1.1,0.1,0.9,0.9,1.2,2.4,1
324,高雄市,左營區,左營,2017/06/05,"氮氧化物 NOx (ppb)",35,23,15,11,15,16,18,32,34,25,18,6.6,4.6,4.2,4.1,,5,5.4,8.1,9.6,22,32,26,20
325,高雄市,左營區,左營,2017/06/05,"風向 WIND_DIREC (degrees)",170,191,132,69,111,137,130,131,72,142,196,274,220,307,293,293,256,302,303,24,248,251,211,222
326,高雄市,左營區,左營,2017/06/05,"臭氧 O3 (ppb)",1.7,3.7,6.7,6.8,3.9,4.3,8.5,11,20,41,43,30,24,22,21,,21,22,22,15,5.8,0.8,1.4,4.3
327,高雄市,左營區,左營,2017/06/05,"細懸浮微粒 PM 2.5  (μg/m 3 )",3,1,1,1,1,2,10,8,10,14,30,28,23,,,15,14,12,13,21,23,22,15,9
328,高雄市,左營區,左營,2017/06/05,"非甲烷碳氫化合物 NMHC (ppm)",0.35,0.27,0.17,0.11,0.13,0.14,0.14,0.26,0.29,0.22,0.2,0.04,0.01,0.01,0,,0.02,0.02,0.01,0.06,0.14,0.2,0.15,0.1
329,高雄市,左營區,左營,2017/06/05,"一氧化碳 CO (ppm)",0.84,0.59,0.3,0.22,0.26,0.29,0.35,0.75,0.9,0.68,0.4,0.17,0.11,0.1,0.09,,0.12,0.13,0.12,0.24,0.42,0.49,0.36,0.21
330,高雄市,左營區,左營,2017/06/05,"一氧化氮 NO (ppb)",14,4.6,2.2,1.8,1.5,1.5,3.9,11,9,5.2,3,1.5,1.1,1,0.9,,0.9,0.9,0.7,0.9,1.8,7.7,5,2.2
331,高雄市,左營區,左營,2017/06/05,"二氧化氮 NO2 (ppb)",22,19,13,9.5,14,14,14,22,25,19,15,5.1,3.5,3.2,3.2,,4,4.5,7.4,8.8,20,24,21,18
332,高雄市,左營區,左營,2017/06/05,"相對濕度 RH (percent)",87,85,84,84,86,87,87,84,79,73,68,65,64,63,64,,68,71,76,77,76,80,82,83
333,高雄市,左營區,左營,2017/06/05,"懸浮微粒 PM 10  (μg/m 3 )",31,34,34,33,29,29,27,27,40,41,45,39,43,,,36,28,29,32,38,44,47,43,42
334,高雄市,左營區,左營,2017/06/05,"甲烷 CH4 (ppm)",2,2,2.1,2.1,2.3,2.3,2.2,2.1,2,1.9,1.9,1.8,1.8,1.8,1.8,,1.8,1.8,1.8,1.8,1.8,1.8,1.8,1.8
335,高雄市,左營區,左營,2017/06/05,"風速 WIND_SPEED (m/sec)",1.1,1.4,1.2,1,1.1,1.5,1.7,1.4,1.7,1.8,1.7,3,2.3,3,3.5,2.6,1.7,2.5,1.6,0.7,1.6,1.2,1.5,1.1
336,高雄市,左營區,左營,2017/06/05,"溫度 AMB_TEMP (℃)",27,27,27,27,26,26,27,28,29,31,32,32,32,33,32,,32,31,30,30,30,30,29,29
337,高雄市,左營區,左營,2017/06/05,"總碳氫化合物 THC (ppm)",2.4,2.3,2.2,2.2,2.4,2.4,2.3,2.3,2.3,2.2,2.1,1.8,1.8,1.8,1.8,,1.8,1.8,1.8,1.8,1.9,2,2,1.9
338,高雄市,左營區,左營,2017/06/05,"小時風速值 WS_HR (m/sec)",1,1.3,0.8,1.2,1.2,1.6,1.6,1.3,1.2,1.2,1.4,1.6,2.3,2.6,3.2,,2.4,2,2.2,0.9,0.7,0.8,0.9,1.1
339,高雄市,左營區,左營,2017/06/05,"小時風向值 WD_HR (degrees)",172,185,152,90,102,139,131,144,89,155,210,271,268,296,293,,284,298,300,310,218,230,232,221
340,高雄市,左營區,左營,2017/06/05,"二氧化硫 SO2 (ppb)",1.3,1.9,1.7,1.5,1.4,0.3,2.6,4.8,4.7,2.8,2.3,-0.3,,,3.7,,3.5,3.5,3.7,1.1,4.5,9.6,7.9,9.2
341,高雄市,左營區,左營,2017/06/02,"氮氧化物 NOx (ppb)",4.1,3.9,4.1,4.1,7,7,8.7,11,11,8.6,6,5.1,4.9,4.4,4.8,5.6,6.5,8.7,8.7,8.6,7.1,7.4,6.4,5.1
342,高雄市,左營區,左營,2017/06/02,"風向 WIND_DIREC (degrees)",237,229,232,227,242,230,224,228,229,232,236,231,239,245,253,244,247,249,234,232,224,226,214,230
343,高雄市,左營區,左營,2017/06/02,"臭氧 O3 (ppb)",16,15,13,14,13,13,13,13,14,16,18,18,18,20,18,18,18,17,17,16,17,16,16,16
344,高雄市,左營區,左營,2017/06/02,"細懸浮微粒 PM 2.5  (μg/m 3 )",12,12,16,14,7,1,1,2,7,6,12,12,10,17,15,12,15,7,11,7,2,3,4,8
345,高雄市,左營區,左營,2017/06/02,"非甲烷碳氫化合物 NMHC (ppm)",-0.01,-0.01,-0.01,-0.01,-0.01,0,0,0.03,0.03,0.02,0.02,0.02,0.02,0.01,0.01,0.01,0.02,0.02,0.02,0.02,0.02,0.02,0.02,0.01
346,高雄市,左營區,左營,2017/06/02,"一氧化碳 CO (ppm)",0.08,0.08,0.08,0.08,0.08,0.09,0.12,0.21,0.21,0.15,0.14,0.13,0.13,0.12,0.12,0.13,0.16,0.18,0.18,0.16,0.16,0.16,0.14,0.11
347,高雄市,左營區,左營,2017/06/02,"一氧化氮 NO (ppb)",0.3,0.4,0.5,0.6,0.4,0.6,1,1.8,2.3,1.9,1.8,1.7,1.6,1.2,1.5,1.6,1.4,1.7,1,1,0.8,0.9,0.8,0.7
348,高雄市,左營區,左營,2017/06/02,"二氧化氮 NO2 (ppb)",3.8,3.4,3.6,3.5,6.6,6.4,7.7,9.3,9.1,6.6,4.2,3.4,3.3,3.2,3.3,4,5.1,7,7.7,7.5,6.4,6.5,5.6,4.5
349,高雄市,左營區,左營,2017/06/02,"相對濕度 RH (percent)",85,85,84,85,86,86,86,85,84,84,82,80,79,79,83,84,84,84,85,85,86,86,85,86
350,高雄市,左營區,左營,2017/06/02,"懸浮微粒 PM 10  (μg/m 3 )",34,31,31,30,28,22,24,29,31,31,33,35,37,48,43,43,52,47,55,53,59,44,39,38
351,高雄市,左營區,左營,2017/06/02,"甲烷 CH4 (ppm)",1.8,1.8,1.8,1.8,1.8,1.8,1.8,1.8,1.8,1.8,1.8,1.8,1.8,1.8,1.8,1.8,1.8,1.8,1.8,1.8,1.8,1.8,1.8,1.8
352,高雄市,左營區,左營,2017/06/02,"風速 WIND_SPEED (m/sec)",3.1,3.7,3.9,3.8,3,3.4,3.8,3.2,3,4.8,4.4,5.3,4.5,4.6,4.6,3.6,3.1,2.9,2.8,2.7,2.5,2.6,3.4,3.5
353,高雄市,左營區,左營,2017/06/02,"溫度 AMB_TEMP (℃)",29,29,28,28,28,28,28,29,29,29,30,30,30,30,29,30,29,29,29,29,29,29,29,29
354,高雄市,左營區,左營,2017/06/02,"總碳氫化合物 THC (ppm)",1.7,1.8,1.7,1.7,1.7,1.8,1.8,1.8,1.8,1.8,1.8,1.8,1.8,1.8,1.8,1.8,1.8,1.8,1.8,1.8,1.8,1.8,1.8,1.8
355,高雄市,左營區,左營,2017/06/02,"小時風速值 WS_HR (m/sec)",2.9,3.2,3.2,3.3,3.1,3,2.7,2.9,3.3,3.7,4.4,4.7,4.8,3.7,3.8,3.6,2.9,2.7,2.4,2.5,2.5,2.2,2.8,3.2
356,高雄市,左營區,左營,2017/06/02,"小時風向值 WD_HR (degrees)",235,232,235,228,236,229,229,228,230,229,229,230,229,240,249,249,250,252,244,234,231,230,221,224
357,高雄市,左營區,左營,2017/06/02,"二氧化硫 SO2 (ppb)",2.4,2.1,1.8,1.4,1.5,1.6,1.7,1.9,1.9,2,2.3,2.5,2.1,2.4,2.2,2.2,2,2.2,2.3,1.9,1.9,2,2.3,2.3
358,高雄市,左營區,左營,2017/06/01,"氮氧化物 NOx (ppb)",9.1,5.8,5.1,5.7,13,16,23,34,13,8.8,5.4,4.6,,5.8,7.3,9.2,11,10,8.9,9,8,8.5,6.3,4.7
359,高雄市,左營區,左營,2017/06/01,"風向 WIND_DIREC (degrees)",210,217,31,62,108,84,39,277,255,277,277,234,262,255,237,234,235,225,231,239,235,246,241,223
360,高雄市,左營區,左營,2017/06/01,"臭氧 O3 (ppb)",21,25,25,23,16,8.8,6.6,7.5,20,22,23,,17,17,19,18,15,14,14,14,16,16,16,16
361,高雄市,左營區,左營,2017/06/01,"細懸浮微粒 PM 2.5  (μg/m 3 )",6,6,6,,,,7,7,9,7,5,,,7,6,15,10,11,5,12,17,10,9,3
362,高雄市,左營區,左營,2017/06/01,"非甲烷碳氫化合物 NMHC (ppm)",0.02,0.01,0.01,0.02,0.06,0.07,0.09,0.17,0.03,0.01,0.01,0,,,,0.01,0.03,0.04,0.01,0.01,0.01,0.01,0,0
363,高雄市,左營區,左營,2017/06/01,"一氧化碳 CO (ppm)",0.15,0.12,0.12,0.14,0.17,0.21,0.29,0.58,0.22,0.17,0.15,0.14,,0.12,0.13,0.15,0.18,0.21,0.14,0.13,0.14,0.15,0.12,0.1
364,高雄市,左營區,左營,2017/06/01,"一氧化氮 NO (ppb)",0,-0.2,-0.1,-0.2,0.7,1.3,3.5,11,2.5,1.6,1,1.1,,1,1,1.7,2.1,1.3,1,1.1,0.8,0.8,0.6,0.3
365,高雄市,左營區,左營,2017/06/01,"二氧化氮 NO2 (ppb)",9.1,6,5.1,5.9,12,15,19,23,10,7.2,4.3,3.6,,4.8,6.3,7.4,8.4,9.2,8,8,7.2,7.7,5.7,4.3
366,高雄市,左營區,左營,2017/06/01,"相對濕度 RH (percent)",81,83,85,85,85,85,84,83,83,80,78,76,77,86,82,82,82,84,86,86,86,85,85,85
367,高雄市,左營區,左營,2017/06/01,"懸浮微粒 PM 10  (μg/m 3 )",12,13,13,18,16,17,26,28,26,15,17,,,32,33,27,29,30,25,29,25,37,32,36
368,高雄市,左營區,左營,2017/06/01,"甲烷 CH4 (ppm)",1.8,1.8,1.8,1.8,2,2.1,2,2,1.8,1.8,1.8,1.8,,,,1.8,1.8,1.8,1.8,1.8,1.8,1.8,1.8,1.8
369,高雄市,左營區,左營,2017/06/01,"風速 WIND_SPEED (m/sec)",2.6,2.2,0.7,1.1,1.8,1.7,1,1.5,3.9,4.5,3.1,3.4,3.2,2.4,3,2.5,3.2,3.3,4,3,3.3,1.9,2.9,3.3
370,高雄市,左營區,左營,2017/06/01,"溫度 AMB_TEMP (℃)",28,28,28,28,28,27,28,28,29,30,30,30,29,27,30,29,29,29,28,29,29,29,29,29
371,高雄市,左營區,左營,2017/06/01,"總碳氫化合物 THC (ppm)",1.9,1.8,1.8,1.9,2,2.2,2.1,2.2,1.9,1.8,1.8,1.8,,,,1.8,1.8,1.8,1.8,1.8,1.8,1.8,1.8,1.8
372,高雄市,左營區,左營,2017/06/01,"小時風速值 WS_HR (m/sec)",1.8,2.1,0.4,1,1.5,1.2,0.9,0.5,2.8,3.2,3,2.8,2.8,2,2.3,2.4,2.6,2.5,3.3,3.3,3,2.2,2.7,2.6
373,高雄市,左營區,左營,2017/06/01,"小時風向值 WD_HR (degrees)",199,217,262,41,107,84,114,65,252,250,273,262,262,277,237,228,226,228,233,232,229,229,234,229
374,高雄市,左營區,左營,2017/06/01,"二氧化硫 SO2 (ppb)",5.4,2.1,1.8,1.4,2.2,2.3,2.5,3.1,2.9,2.7,2.2,2.1,,1.4,1.2,1.4,1.6,1.6,1.7,1.9,1.4,1.5,1.7,1.7
,,,,,,,,,,,,,,,,,,,,,,,,,,,,,
,,,,,,,,,,,,,,,,,,,,,,,,,,,,,
