Date,Place,Measure,0,1,2,3,4,5,6,7,8,9,10,11,12,13,14,15,16,17,18,19,20,21,22,23
2018/06/01,Zuoying,AMB_TEMP,29.4,29.2,29,28.8,28.5,28.3,28.5,29.3,30.9,32.9,31.8,31.3,31.7,31.3,32.2,32,30.7,30.8,30.1,29.5,29.3,29.4,29.1,28.4
2018/06/01,Zuoying,CH4,1.8,1.9,1.9,2,1.9,1.9,1.9,1.9,1.9,1.8,1.9,1.9,1.9,1.8,1.8,1.8,1.8,1.8,1.9,1.8,1.9,1.9,1.9,1.9
2018/06/01,Zuoying,CO,0.25,0.23,0.22,0.2,0.16,0.18,0.25,0.35,0.3,0.26,0.32,0.36,0.4,0.28,0.25,0.26,0.26,0.31,0.54,0.45,0.5,0.61,0.53,0.38
2018/06/01,Zuoying,NMHC,0.14,0.15,0.12,0.1,0.09,0.07,0.12,0.14,0.1,0.08,0.06,0.04,0.03,0.03,0.03,0.03,0.04,0.08,0.18,0.12,0.16,0.22,0.26,0.18
2018/06/01,Zuoying,NO,0.6,1.1,1.2,1.1,1.1,1.4,3.8,6.5,5.6,3.3,2.2,1.3,1.5,1.2,1.1,1.5,1.1,0.9,1.2,0.8,1,1,0.9,1
2018/06/01,Zuoying,NO2,11,14,14,14,13,12,16,15,11,10,9.3,8,9.1,6.3,6.3,10,8.4,11,21,16,20,23,23,15
2018/06/01,Zuoying,NOx,12,15,15,15,14,14,20,21,17,13,12,9.3,11,7.4,7.4,12,9.4,12,22,17,21,24,24,16
2018/06/01,Zuoying,O3,7.3,6.9,7.3,6.6,6.8,8.8,9.1,12,19,35,53,62,69,79,75,72,71,67,48,47,39,34,33,39
2018/06/01,Zuoying,PM10,33,34,40,37,32,22,20,27,37,38,45,59,71,65,58,60,57,36,46,62,61,55,55,55
2018/06/01,Zuoying,PM2.5,9,4,10,10,13,8,11,14,24,21,24,29,33,26,21,17,17,18,21,19,21,25,29,22
2018/06/01,Zuoying,RAINFALL,NR,NR,NR,NR,NR,NR,NR,NR,NR,NR,NR,NR,NR,NR,NR,NR,NR,NR,NR,NR,NR,NR,NR,NR
2018/06/01,Zuoying,RH,79,78,79,81,83,84,84,82,76,63,69,75,72,75,70,68,73,74,74,75,76,76,77,77
2018/06/01,Zuoying,SO2,2.8,2.2,1.9,1.6,1.9,1.8,3.8,3,2.3,2.6,4.4,4.3,4.4,2.7,3.3,4,2.6,1.9,2.5,2,2.1,2,2.6,1.7
2018/06/01,Zuoying,THC,2,2.1,2.1,2.1,2,2,2,2.1,1.9,1.9,1.9,1.9,1.9,1.9,1.9,1.9,1.9,1.9,2,2,2,2.1,2.1,2.1
2018/06/01,Zuoying,WD_HR,351,18,5.4,3.7,19,348,357,21,28,334,288,294,306,305,304,301,304,304,84,86,62,35,20,31
2018/06/01,Zuoying,WIND_DIREC,356,31,1.7,12,353,347,13,12,14,301,291,301,311,306,298,300,298,340,104,108,31,11,43,13
2018/06/01,Zuoying,WIND_SPEED,1.9,1,2.6,2.4,1.9,1.5,1.7,2.3,2,3.2,3.5,3.9,5.2,4.5,5.3,3.6,2.6,2.9,2.1,1.8,1.2,1.1,2.1,2.4
2018/06/01,Zuoying,WS_HR,1.6,1.6,1.6,2.1,1.8,1.6,1.4,2,1.8,1.7,3.6,4.1,4.5,4.7,4.5,3.4,3.2,2,2.1,1.9,1.2,1,1.5,2.1
2018/06/02,Zuoying,AMB_TEMP,27.8,27.5,27.2,26.8,26.6,26.5,27,28.5,30.2,30.9,30.9,30.9,31,31,30.9,30.6,29.9,29.5,29.2,29.3,29.1,28.9,29.3,29.3
2018/06/02,Zuoying,CH4,2,2.1,2.1,2.1,2.1,2.1,2.2,2.2,2.1,2.1,2.1,2,1.9,1.9,1.8,1.8,1.8,1.8,1.8,1.8,1.8,1.8,1.9,1.8
2018/06/02,Zuoying,CO,0.37,0.41,0.39,0.36,0.39,0.46,0.5,0.68,0.68,0.59,0.52,0.43,0.39,0.35,0.29,0.24,0.24,0.23,0.25,0.28,0.28,0.34,0.4,0.28
2018/06/02,Zuoying,NMHC,0.16,0.16,0.15,0.15,0.16,0.18,0.18,0.22,0.25,0.2,0.13,0.08,0.06,0.05,0.04,0.03,0.03,0.02,0.02,0.05,0.05,0.06,0.11,0.05
2018/06/02,Zuoying,NO,1.2,0.6,0.6,0.7,0.5,0.4,1.7,4.1,3.9,3.8,0.7,0.3,0.4,0.1,0,0.2,0.3,0,0.3,0.2,0.2,0,0.4,0.4
2018/06/02,Zuoying,NO2,13,15,13,13,13,14,15,20,24,23,12,9.9,8.5,7,6.2,5.5,5.8,4.8,6,7.5,6.7,8.4,13,11
2018/06/02,Zuoying,NOx,15,16,13,13,13,14,17,24,28,27,13,10,8.9,7.1,6.2,5.7,6.1,4.8,6.3,7.8,6.9,8.4,14,12
2018/06/02,Zuoying,O3,39,32,31,28,22,19,18,29,43,63,95,101,100,99,94,77,71,67,66,61,62,55,43,51
2018/06/02,Zuoying,PM10,66,85,95,98,90,90,85,90,93,104,110,111,105,95,85,71,56,52,52,52,51,50,48,40
2018/06/02,Zuoying,PM2.5,20,23,36,33,29,24,27,37,40,45,50,53,47,37,32,32,27,19,16,12,16,16,18,18
2018/06/02,Zuoying,RAINFALL,NR,NR,NR,NR,NR,NR,NR,NR,NR,NR,NR,NR,NR,NR,NR,NR,NR,NR,NR,NR,NR,NR,NR,NR
2018/06/02,Zuoying,RH,79,80,81,81,82,82,81,76,70,68,69,70,69,69,69,69,69,70,73,71,73,75,72,72
2018/06/02,Zuoying,SO2,2.5,2.8,3.5,3.4,3.9,4.2,4.6,6.6,10,7.8,6.1,5.6,4.9,4,3.1,2,1.6,1.2,1.1,1.2,1.4,1.5,1.9,3.5
2018/06/02,Zuoying,THC,2.2,2.2,2.2,2.2,2.3,2.3,2.3,2.4,2.4,2.3,2.2,2,2,1.9,1.9,1.8,1.8,1.8,1.8,1.9,1.9,1.9,2,1.9
2018/06/02,Zuoying,WD_HR,19,6.1,9.2,14,13,3.6,299,341,332,292,289,286,284,281,280,291,296,300,295,255,279,324,224,204
2018/06/02,Zuoying,WIND_DIREC,7.7,17,351,359,31,342,296,0.7,281,292,285,290,289,278,288,299,293,299,257,249,299,354,217,214
2018/06/02,Zuoying,WIND_SPEED,1.3,1.8,2.1,1.6,2,0.9,1.5,1.2,2.5,3,3.6,4,4.4,3.1,3.3,3.3,2.7,2.9,1.2,1.3,0.8,0.9,1.8,2.1
2018/06/02,Zuoying,WS_HR,1.9,1.5,1.8,1.6,1.4,1.4,1.2,1,0.7,2.4,3.6,4.2,3.5,3.6,2.7,2.6,2.3,2.6,1.6,0.9,1.3,0.6,1.2,2
2018/06/03,Zuoying,AMB_TEMP,28.9,28.2,28.1,28,27.8,27.7,28.3,29.5,30.3,31,31.5,31.6,31.5,31.3,31.3,30.8,30.2,29.2,29.1,29.2,29.2,28.8,28.3,28.3
2018/06/03,Zuoying,CH4,1.8,1.9,1.9,2,2,2,2,1.9,1.9,2,2,2,1.9,1.9,1.8,1.8,1.8,1.8,1.8,1.8,1.8,1.8,1.8,1.8
2018/06/03,Zuoying,CO,0.25,0.27,0.28,0.33,0.35,0.41,0.39,0.37,0.33,0.36,0.35,0.34,0.35,0.3,0.24,0.24,0.24,0.23,0.25,0.25,0.27,0.3,0.2,0.2
2018/06/03,Zuoying,NMHC,0.03,0.04,0.08,0.18,0.19,0.26,0.28,0.15,0.09,0.1,0.07,0.06,0.04,0.03,0.02,0.02,0.02,0.01,0.02,0.02,0.03,0.05,0.01,0.01
2018/06/03,Zuoying,NO,0.2,0.3,0.4,0.6,0.5,0.7,1.1,1.2,1.6,1.3,0.3,0.4,0.6,0.4,0.3,0.3,0.3,0.2,0.3,0.2,0.3,0.3,0.4,0.3
2018/06/03,Zuoying,NO2,8,8.8,7.3,11,10,12,12,10,10,8.9,6.2,5.7,6,6.1,4.2,4.2,4.8,4.4,13,12,8.9,8.9,6.7,7.2
2018/06/03,Zuoying,NOx,8.1,9.1,7.7,11,11,13,13,11,12,10,6.6,6.1,6.6,6.5,4.5,4.5,5.1,4.6,13,12,9.2,9.2,7.1,7.5
2018/06/03,Zuoying,O3,53,44,43,31,29,24,30,44,52,66,76,82,85,83,67,73,68,57,40,35,37,33,38,37
2018/06/03,Zuoying,PM10,35,46,56,59,54,55,55,54,55,63,69,69,67,62,51,51,46,54,54,52,47,39,40,42
2018/06/03,Zuoying,PM2.5,12,13,14,19,22,17,23,19,25,23,27,29,32,30,30,18,17,11,16,14,13,12,15,19
2018/06/03,Zuoying,RAINFALL,NR,NR,NR,NR,NR,NR,NR,NR,NR,NR,NR,NR,NR,NR,NR,NR,NR,NR,NR,NR,NR,NR,NR,NR
2018/06/03,Zuoying,RH,74,79,80,80,81,82,81,76,73,69,67,65,67,69,69,69,70,75,79,79,80,81,84,86
2018/06/03,Zuoying,SO2,2.9,3.2,2.6,2.8,2.2,2.1,2.3,2.7,2.8,3.3,3,3.3,3.8,3,1.8,2.3,1.5,1.2,1.4,1.2,1.2,1.6,2,2.5
2018/06/03,Zuoying,THC,1.9,1.9,2,2.2,2.2,2.3,2.3,2.1,2,2.1,2,2,2,1.9,1.8,1.8,1.8,1.8,1.8,1.8,1.9,1.9,1.8,1.8
2018/06/03,Zuoying,WD_HR,238,276,345,38,32,347,301,300,293,284,283,292,296,293,300,302,298,294,272,279,259,279,288,269
2018/06/03,Zuoying,WIND_DIREC,289,303,32,43,29,335,331,281,290,276,295,297,295,279,309,294,287,297,263,264,248,319,272,289
2018/06/03,Zuoying,WIND_SPEED,1.7,1.1,1.2,1.1,0.7,0.8,0.8,1.6,2.2,2.8,4,3.8,4.5,5.2,4.2,4.2,3.6,3.2,2.1,1.7,1.8,1.8,2.1,1.8
2018/06/03,Zuoying,WS_HR,1,1.2,0.8,1.2,1,0.7,0.7,1,1.8,2.4,2.8,3.4,4.4,4.2,3.7,3.7,3.7,3.1,2.1,1.8,1.2,1.1,1.8,1.7
2018/06/04,Zuoying,AMB_TEMP,28.2,28,28.1,28.5,28.6,28.3,29,30.2,31.3,31.6,32,32.3,33.5,32.8,32.3,32.5,31.9,30.7,29.3,28.7,28.8,29.2,29.1,29.1
2018/06/04,Zuoying,CH4,1.8,1.8,1.9,2.1,2.1,2,2,2,1.9,1.8,1.8,1.8,1.9,1.9,1.9,1.8,1.7,1.8,1.8,1.8,1.8,1.8,1.8,1.8
2018/06/04,Zuoying,CO,0.2,0.19,0.22,0.29,0.29,0.33,0.36,0.43,0.27,0.2,0.2,0.22,0.39,0.27,0.26,0.22,0.18,0.25,0.33,0.42,0.38,0.45,0.43,0.34
2018/06/04,Zuoying,NMHC,0.01,0.02,0.07,0.1,0.09,0.11,0.11,0.12,0.06,0.03,0.03,0.03,0.07,0.03,0.03,0.03,0.03,0.04,0.14,0.33,0.23,0.18,0.24,0.16
2018/06/04,Zuoying,NO,0.3,0.2,0.4,0.8,0.8,0.9,1.5,2.4,2.3,1,1,0.9,0.5,0.4,0.6,0.5,0.5,0.6,0.6,0.8,1.1,1,1.1,0.7
2018/06/04,Zuoying,NO2,5.4,11,8.5,11,9.8,11,13,13,10,5.4,5.4,5.2,7.3,5.4,4.6,4.3,3.8,4.8,16,27,19,21,24,16
2018/06/04,Zuoying,NOx,5.8,11,8.9,12,11,12,15,15,13,6.4,6.4,6.2,7.8,5.8,5.1,4.7,4.3,5.4,16,28,20,22,25,17
2018/06/04,Zuoying,O3,37,29,26,24,30,28,31,38,43,48,48,62,84,76,73,48,36,53,28,12,14,11,9.3,15
2018/06/04,Zuoying,PM10,42,44,47,49,51,45,47,47,48,44,38,41,47,56,56#,51,42,39,42,45,36,35,38,44
2018/06/04,Zuoying,PM2.5,19,14,12,14,17,19,18,20,20,24,31,34,36,33,33#,39,35,38,23,22,9,13,5,10
2018/06/04,Zuoying,RAINFALL,NR,NR,NR,NR,NR,NR,NR,NR,NR,NR,NR,NR,NR,NR,NR,NR,NR,NR,NR,NR,NR,NR,NR,NR
2018/06/04,Zuoying,RH,87,88,87,81,78,79,77,73,68,67,65,67,63,67,71,69,71,75,75,79,80,78,77,76
2018/06/04,Zuoying,SO2,2.3,4.5,2.8,3.3,2.3,1.9,2.9,2.9,1.7,1.5,3.2,4.5,5.2,3.7,2.8,1.9,0.9,1.7,1.4,3,1.8,1.3,3.2,3.1
2018/06/04,Zuoying,THC,1.8,1.8,2,2.2,2.1,2.1,2.1,2.1,1.9,1.8,1.8,1.9,2,1.9,1.9,1.8,1.8,1.8,1.9,2.2,2,2,2.1,2
2018/06/04,Zuoying,WD_HR,280,296,26,83,87,73,78,13,289,287,286,287,249,271,279,235,251,304,29,29,70,27,33,82
2018/06/04,Zuoying,WIND_DIREC,260,300,68,84,69,121,46,61,273,278,284,280,249,257,277,223,256,27,23,36,69,26,45,136
2018/06/04,Zuoying,WIND_SPEED,0.9,0.5,0.8,1.6,1.3,1.1,1.1,1,3.2,3.3,3.8,3.6,2.5,2.6,2.4,3,3.1,3.1,2.3,2.9,0.8,1.7,1.8,1
2018/06/04,Zuoying,WS_HR,1.2,0.6,0.3,0.9,1.3,0.9,1.2,0.8,1.5,2.8,3.5,3.6,1.7,2.2,3,2.6,2.1,1.2,1.8,2.5,1.4,1.1,2,1.2
2018/06/05,Zuoying,AMB_TEMP,28.9,28.8,28.8,28.8,28.5,28.5,29.4,30.6,32.2,32.9,33.4,34.6,35.7,34.7,34.4,33.5,32.3,31.9,30.7,30.5,30.4,30.7,30.1,29.8
2018/06/05,Zuoying,CH4,1.8,1.8,1.8,1.8,1.8,1.8,1.8,1.8,1.8,1.8,1.8,1.7,1.7,1.7,1.7,1.7,1.7,1.7,1.7,1.7,1.7,1.7,1.8,1.8
2018/06/05,Zuoying,CO,0.25,0.19,0.18,0.19,0.17,0.21,0.3,0.46,0.6,0.42,0.32,0.22,0.11,0.09,0.1,0.1,0.14,0.22,0.2,0.23,0.22,0.38,0.28,0.21
2018/06/05,Zuoying,NMHC,0.09,0.06,0.06,0.07,0.05,0.08,0.1,0.13,0.17,0.16,0.12,0.06,0.04,0.02,0.02,0.03,0.03,0.08,0.05,0.06,0.07,0.12,0.11,0.07
2018/06/05,Zuoying,NO,0.7,0.9,0.9,0.7,0.6,1.1,4.5,6.9,7.3,4.9,4.5,2.8,1.4,1.2,1.2,1.4,1.6,1.6,1.2,0.8,0.7,0.8,0.9,1
2018/06/05,Zuoying,NO2,11,9,7.9,7.8,7.7,9.6,12,15,18,20,16,8.3,3.6,3.3,3.4,4,4.7,7,5.6,8.9,11,16,12,9.7
2018/06/05,Zuoying,NOx,12,9.9,8.8,8.6,8.3,11,17,21,25,25,20,11,5,4.6,4.7,5.4,6.3,8.6,6.8,9.7,12,17,13,11
2018/06/05,Zuoying,O3,19,18,18,16,16,12,11,16,28,33,36,39,29,28,28,27,27,25,22,20,19,14,16,19
2018/06/05,Zuoying,PM10,38,27,23,20,28,27,32,37,36,44,43,44,37,30,26,25,23,28,26,32,29,27,22,25
2018/06/05,Zuoying,PM2.5,2,9,6,7,3,8,7,13,10,14,10,13,13,15,10,15,6,8,6,9,7,3,5,8
2018/06/05,Zuoying,RAINFALL,NR,NR,NR,NR,NR,NR,NR,NR,NR,NR,NR,NR,NR,NR,NR,NR,NR,NR,NR,NR,NR,NR,NR,NR
2018/06/05,Zuoying,RH,76,76,76,75,75,74,73,69,64,60,59,54,49,51,53,58,64,68,74,76,77,75,75,74
2018/06/05,Zuoying,SO2,1.3,0.9,0.7,0.6,0.5,0.5,1.1,4,6.6,7,6.6,4,1,1,1.9,1.6,0.9,1.5,1.4,2.1,3.2,4.5,2.2,1
2018/06/05,Zuoying,THC,1.9,1.9,1.9,1.9,1.9,1.9,1.9,2,2,2,1.9,1.8,1.8,1.7,1.7,1.7,1.7,1.8,1.8,1.8,1.8,1.9,1.9,1.9
2018/06/05,Zuoying,WD_HR,106,89,79,81,93,60,99,98,120,236,213,289,270,252,225,233,232,206,212,197,205,108,58,117
2018/06/05,Zuoying,WIND_DIREC,153,76,103,116,46,77,104,194,75,208,200,308,249,234,235,232,221,196,197,201,205,72,70,119
2018/06/05,Zuoying,WIND_SPEED,1.1,1.6,1.5,1.3,1.6,1.7,1.5,1.6,1.3,1.9,2.2,4.3,3,2.8,3.3,3.8,3,3.7,2.4,1.8,1.7,1.9,1.4,1.3
2018/06/05,Zuoying,WS_HR,1.1,1.3,1.1,1,1.4,1.3,1.4,1.3,0.9,0.4,1.7,1.9,1.4,2.2,2.4,2.6,2.3,2.4,2.2,1.7,1.1,0.7,2,1.4
2018/06/06,Zuoying,AMB_TEMP,29.7,29.3,29.3,28.9,28.8,28.6,29.4,30.5,32.4,32.7,33.3,34,33.9,33.9,33.2,33,31.8,29.9,29.3,28.8,28,27,27.6,27.9
2018/06/06,Zuoying,CH4,1.8,1.8,1.8,1.8,1.8,1.8,1.8,1.8,1.8,1.8,1.8,1.7,1.7,1.7,1.7,1.7,1.7,1.7,1.8,1.9,1.8,1.8,1.8,1.7
2018/06/06,Zuoying,CO,0.19,0.25,0.21,0.2,0.18,0.19,0.23,0.35,0.39,0.3,0.28,0.17,0.12,0.13,0.12,0.13,0.14,0.32,0.56,0.49,0.31,0.19,0.19,0.17
2018/06/06,Zuoying,NMHC,0.1,0.16,0.12,0.11,0.11,0.08,0.08,0.1,0.1,0.09,0.08,0.05,0.03,0.03,0.02,0.03,0.03,0.2,0.31,0.37,0.14,0.07,0.06,0.04
2018/06/06,Zuoying,NO,1,0.3,0.1,-0.1,-0.1,0.2,1.9,4.8,4.7,2,1,1.4,0.8,1,1.6,1.1,0.7,1.1,1.6,0.8,0.1,-0.2,-0.3,-0.2
2018/06/06,Zuoying,NO2,8.6,13,11,11,10,10,9.8,13,14,11,11,5.5,4.7,4.9,4.2,3.7,4.4,17,27,29,16,8.9,9.1,11
2018/06/06,Zuoying,NOx,9.6,13,11,11,10,10,12,18,19,13,12,6.9,5.4,5.9,5.8,4.8,5.1,18,28,29,16,8.8,8.7,11
2018/06/06,Zuoying,O3,17,12,15,12,13,11,13,16,28,46,56,25,25,23,19,18,18,19,8.4,7.6,21,29,27,28
2018/06/06,Zuoying,PM10,25,28,34,36,28,30,33,38,40,46,50,37,30,19,23,26,29,29,28,29,32,32,28,23
2018/06/06,Zuoying,PM2.5,14,14,14,6,7,7,7,11,9,13,12,11,7,6,1,5,2,9,7,12,7,10,8,8
2018/06/06,Zuoying,RAINFALL,NR,NR,NR,NR,NR,NR,NR,NR,NR,NR,NR,NR,NR,NR,NR,NR,NR,2,NR,NR,2.6,NR,NR,NR
2018/06/06,Zuoying,RH,75,79,76,76,76,74,71,68,62,62,62,53,59,60,63,65,71,77,84,85,84,88,89,87
2018/06/06,Zuoying,SO2,2.1,3.1,2.2,3.1,2.6,1.9,1.1,1.4,1.9,4.3,6.2,1.8,1.8,1.4,1.1,0.9,1.3,1.7,1.6,2.1,1.4,0.9,1.5,2.1
2018/06/06,Zuoying,THC,1.9,2,1.9,1.9,1.9,1.9,1.9,1.9,1.9,1.9,1.9,1.8,1.7,1.7,1.7,1.7,1.7,1.9,2.1,2.2,1.9,1.8,1.8,1.8
2018/06/06,Zuoying,WD_HR,334,355,81,42,67,91,91,82,65,296,274,210,233,200,206,224,227,42,26,35,282,304,344,337
2018/06/06,Zuoying,WIND_DIREC,292,17,74,36,78,123,82,26,30,286,218,213,247,203,202,265,213,38,23,39,313,336,342,289
2018/06/06,Zuoying,WIND_SPEED,0.9,0.9,1.5,1,2.2,1.7,2,0.9,1.6,3.3,3.7,3.9,2.4,3.6,3.2,2.7,2.3,1.6,2.3,2.6,2.4,0.8,0.6,0.5
2018/06/06,Zuoying,WS_HR,0.4,0.7,1.2,1.1,1.3,1.6,1.4,1.1,0.6,3,2.3,2.4,2.1,2.9,3.2,2.5,1.9,1.7,1.4,2.3,0.9,1.3,0.8,0.6
2018/06/07,Zuoying,AMB_TEMP,28.1,28,28.1,28.1,27.9,27.8,28.7,29.6,30.5,31.4,31.9,32.3,32.2,32.1,31.9,30.8,30.5,30.7,30.3,29.9,29.8,30.2,30,29.3
2018/06/07,Zuoying,CH4,1.8,1.8,1.9,1.9,1.9,1.9,1.9,1.9,1.9,1.9,1.9,1.8,1.9,1.8,1.8,1.8,1.8,1.8,1.8,1.8,1.8,1.8,1.9,1.9
2018/06/07,Zuoying,CO,0.24,0.3,0.27,0.24,0.23,0.31,0.36,0.43,0.39,0.3,0.25,0.23,0.24,0.23,0.21,0.2,0.19,0.21,0.24,0.22,0.27,0.33,0.34,0.34
2018/06/07,Zuoying,NMHC,0.11,0.2,0.24,0.27,0.34,0.38,0.27,0.23,0.15,0.09,0.06,0.04,0.04,0.02,0.02,0.01,0.02,0.05,0.06,0.06,0.08,0.09,0.11,0.17
2018/06/07,Zuoying,NO,-0.1,0.3,0.5,0.2,0.2,1,2.3,2.4,2.3,2.1,0.9,0.6,0.4,0.5,0.3,0.7,0.4,0.3,0.2,0.2,-0.1,-0.1,0,0.1
2018/06/07,Zuoying,NO2,12,18,18,17,14,19,16,15,15,13,9,5.9,5.7,6.1,4.5,8.5,5.1,9.4,11,8.1,8.8,10,12,16
2018/06/07,Zuoying,NOx,12,18,18,17,15,20,18,17,17,15,9.9,6.5,6.1,6.6,4.8,9.2,5.5,9.7,11,8.3,8.7,9.9,12,16
2018/06/07,Zuoying,O3,20,11,13,13,13,9.3,18,32,37,50,67,63,66,67,66,68,66,49,47,47,46,48,44,26
2018/06/07,Zuoying,PM10,21,31,33,40,44,47,48,52,51,61,57,60,59,62,61,50,42,41,43,46,47,41,39,40
2018/06/07,Zuoying,PM2.5,5,5,11,14,13,13,16,22,19,25,28,34,26,28,24,20,21,21,29,18,20,16,21,23
2018/06/07,Zuoying,RAINFALL,NR,NR,NR,NR,NR,NR,NR,NR,NR,NR,NR,NR,NR,NR,NR,NR,NR,NR,NR,NR,NR,NR,NR,NR
2018/06/07,Zuoying,RH,85,86,85,84,84,86,84,80,77,73,70,69,71,72,72,75,77,74,77,80,82,76,75,78
2018/06/07,Zuoying,SO2,1.5,2.3,2,2.5,2.5,2.8,2.5,2.9,3.8,4.4,3.6,2.4,1.9,1.8,1.7,4,2.9,5.3,4.2,2,1.8,1.2,1.2,1.7
2018/06/07,Zuoying,THC,1.9,2,2.1,2.2,2.3,2.3,2.2,2.2,2,2,1.9,1.9,1.9,1.8,1.8,1.8,1.8,1.8,1.8,1.9,1.9,1.9,2,2.1
2018/06/07,Zuoying,WD_HR,350,354,28,38,6.3,21,31,344,303,291,300,288,300,303,290,304,308,313,314,306,331,28,341,330
2018/06/07,Zuoying,WIND_DIREC,344,20,32,8.7,312,45,12,311,285,294,300,272,300,304,290,310,318,318,340,296,42,353,343,358
2018/06/07,Zuoying,WIND_SPEED,1.3,1,1.3,0.6,0.9,1.8,1.5,1,2.1,2.4,3.8,3.4,4.1,4.8,4.4,3.4,2.8,2.6,1.9,2.3,1.7,1.2,1.4,0.9
2018/06/07,Zuoying,WS_HR,0.7,0.4,1.5,0.8,0.6,0.9,1.2,0.6,1.1,1.8,3,3.2,3.5,4.2,4,3.5,3.1,2.5,1.9,1.9,1.2,1,0.7,1.3
2018/06/08,Zuoying,AMB_TEMP,29.2,29.2,28.7,28.6,28.3,28.2,28.6,29.9,30.9,31.3,31.4,31.7,31.8,31.7,31.8,31.6,31.3,30.1,29.8,29.3,29.2,29.2,29.2,29.1
2018/06/08,Zuoying,CH4,2,2,2,1.9,1.9,1.9,2,2,1.9,1.8,1.8,1.7,1.7,1.7,1.7,1.8,1.8,1.8,1.7,1.7,1.7,1.8,1.8,1.8
2018/06/08,Zuoying,CO,0.38,0.33,0.3,0.25,0.25,0.36,0.39,0.43,0.32,0.18,0.16,0.14,0.14,0.15,0.17,0.16,0.17,0.21,0.17,0.14,0.14,0.2,0.32,0.33
2018/06/08,Zuoying,NMHC,0.27,0.18,0.11,0.09,0.09,0.18,0.26,0.28,0.15,0.04,0.02,0.01,0.01,0.01,0.02,0.01,0.02,0.03,0.03,0.01,0.01,0.05,0.12,0.16
2018/06/08,Zuoying,NO,0.4,1.4,1,1,0.7,1,2.6,3.7,2.7,1.8,1.2,1.2,1.4,1.9,2,1.4,0.8,0.7,0.9,0.6,0.8,0.5,0.8,1.2
2018/06/08,Zuoying,NO2,21,14,12,10,9.6,14,17,18,14,6.9,5.8,4.2,5.1,9,8.4,6.2,4.8,5.6,5.8,5.2,4.9,6.4,13,15
2018/06/08,Zuoying,NOx,21,15,13,11,10,15,19,22,17,8.8,7,5.4,6.5,11,10,7.6,5.6,6.3,6.7,5.8,5.7,6.9,14,16
2018/06/08,Zuoying,O3,19,26,23,24,23,19,20,35,48,51,50,49,43,47,52,52,68,76,47,40,38,35,28,25
2018/06/08,Zuoying,PM10,43,42,40,36,34,43,55,65,62,56,49,53,51,47,39,44,52,60,56,49,44,45,52,52
2018/06/08,Zuoying,PM2.5,20,15,14,11,17,18,23,26,38,41,33,20,10,18,15,26,22,31,25,24,16,12,15,17
2018/06/08,Zuoying,RAINFALL,NR,NR,NR,NR,NR,NR,NR,NR,NR,NR,NR,NR,NR,NR,NR,NR,NR,NR,NR,NR,NR,NR,NR,NR
2018/06/08,Zuoying,RH,77,76,78,79,79,80,79,76,72,69,72,72,68,67,70,71,73,78,82,84,85,85,83,81
2018/06/08,Zuoying,SO2,1.9,1.9,1.6,1.2,1.9,3,2.2,3.6,4.2,2.5,2,1.4,1,1.6,3,1.7,2.3,2.4,0.8,0.6,0.6,0.9,2,2.9
2018/06/08,Zuoying,THC,2.2,2.2,2.1,2,2,2.1,2.2,2.3,2.1,1.8,1.8,1.8,1.8,1.8,1.8,1.8,1.8,1.8,1.8,1.7,1.7,1.8,1.9,2
2018/06/08,Zuoying,WD_HR,41,78,96,80,35,23,18,358,306,297,296,303,306,303,301,303,300,309,308,307,302,307,322,334
2018/06/08,Zuoying,WIND_DIREC,90,98,97,106,33,34,11,317,272,297,300,302,309,311,301,301,293,313,304,312,298,324,325,319
2018/06/08,Zuoying,WIND_SPEED,1.6,1.9,1.6,1.5,1.2,1.1,1.9,1.7,2.4,3.9,4.5,5.4,3.6,3.9,4.2,4.1,4.1,3.5,4.5,2.6,2.6,1.7,1.6,1.1
2018/06/08,Zuoying,WS_HR,1.3,1.1,1.4,1.5,0.8,1.1,1.7,0.9,1.7,3.4,3.8,4.8,3.9,3.5,3.9,3.6,3.5,3.8,2.9,3.3,2.6,1.8,1.5,1.3
2018/06/09,Zuoying,AMB_TEMP,28.9,28.8,28.5,28.4,28.3,28.3,28.9,29.5,30.7,31.5,31.6,32,32,32.1,31.9,32.4,31.4,30.5,30,29.8,29.7,29.6,29.5,29.4
2018/06/09,Zuoying,CH4,1.9,1.9,1.7,1.7,1.8,1.8,1.8,1.8,1.8,1.8,1.7,1.7,1.7,1.7,1.7,1.7,1.7,1.7,1.7,1.7,1.7,1.7,1.7,1.7
2018/06/09,Zuoying,CO,0.33,0.21,0.1,0.1,0.12,0.15,0.19,0.25,0.2,0.15,0.12,0.12,0.12,0.13,0.12,0.13,0.13,0.14,0.16,0.15,0.14,0.14,0.13,0.12
2018/06/09,Zuoying,NMHC,0.19,0.15,0,0.01,0.02,0.04,0.08,0.1,0.06,0.03,0.01,0.01,0.01,0.01,0.01,0.01,0.01,0.01,0.02,0.01,0.01,0.01,0.01,0.01
2018/06/09,Zuoying,NO,0.9,0.5,0.2,0.2,0.5,0.4,1.3,1.9,1.8,1.1,0.5,0.7,0.5,0.3,0.4,0.4,0.3,0.3,0.4,0.1,0.2,0.1,0.3,0.1
2018/06/09,Zuoying,NO2,12,12,4.1,6.6,7.5,7.9,12,10,8.1,4.5,3.4,3.6,2.9,3.3,3.1,3.1,3.6,4,4.3,5.8,5.4,5.4,5.5,4.6
2018/06/09,Zuoying,NOx,13,13,4.3,6.8,8,8.3,13,12,9.9,5.6,3.9,4.3,3.4,3.7,3.4,3.5,3.9,4.3,4.7,5.9,5.7,5.6,5.8,4.7
2018/06/09,Zuoying,O3,23,22,30,25,24,21,21,27,33,40,40,45,48,45,48,45,44,49,46,41,40,35,32,31
2018/06/09,Zuoying,PM10,57,54,47,40,40,46,47,53,56,62,51,50,43,47,40,44,44,50,51,45,41,39,41,39
2018/06/09,Zuoying,PM2.5,25,23,15,9,5,11,13,18,21,24,18,15,13,14,14,11,15,15,12,15,15,20,16,15
2018/06/09,Zuoying,RAINFALL,NR,NR,NR,NR,NR,NR,NR,NR,NR,NR,NR,NR,NR,NR,NR,NR,NR,NR,NR,NR,NR,NR,NR,NR
2018/06/09,Zuoying,RH,82,83,85,86,85,86,85,82,78,72,70,72,71,71,72,69,71,76,78,79,79,79,79,78
2018/06/09,Zuoying,SO2,3.1,1.5,0.2,0.8,1.5,1.6,2.4,4.1,2.7,1,0.9,1.3,0.7,0.6,0.9,0.3,0.6,1.2,0.4,1.4,1.1,1,0.9,0.5
2018/06/09,Zuoying,THC,2,2,1.7,1.8,1.8,1.8,1.9,1.9,1.9,1.8,1.7,1.7,1.7,1.7,1.7,1.7,1.7,1.7,1.8,1.7,1.7,1.7,1.7,1.7
2018/06/09,Zuoying,WD_HR,320,320,327,343,336,342,330,291,283,287,290,292,285,285,278,284,278,290,277,278,265,257,265,296
2018/06/09,Zuoying,WIND_DIREC,343,307,5.2,357,311,323,325,269,279,277,300,294,275,289,279,286,274,292,291,245,268,256,254,311
2018/06/09,Zuoying,WIND_SPEED,1.4,2.1,1.3,1.3,1.5,1.2,1,0.9,1.9,2.8,3,3.7,3.3,3.1,3.1,2.5,4,2.7,1.7,1.6,1.1,2,1.2,1.1
2018/06/09,Zuoying,WS_HR,1.4,1.4,1.5,1.3,1.2,1.1,0.8,0.9,1.8,2.4,2.9,3,3.3,2.5,2.6,2.4,3.4,3,2,1.4,1.1,1.7,1.4,1
2018/06/10,Zuoying,AMB_TEMP,29.3,29.3,29.3,29.3,29,28.9,29.8,30.5,31.9,33,33.1,33.8,32.5,33,33.1,32.6,32.4,31.8,31,31,31.2,30.8,30.5,28.1
2018/06/10,Zuoying,CH4,1.7,1.7,1.8,2,1.9,1.9,1.9,1.9,1.9,1.8,1.8,1.8,1.8,1.8,1.8,1.8,1.8,1.8,1.8,1.8,1.8,1.8,1.8,1.8
2018/06/10,Zuoying,CO,0.13,0.12,0.16,0.24,0.24,0.24,0.34,0.38,0.36,0.2,0.2,0.19,0.18,0.17,0.17,0.19,0.23,0.26,0.28,0.34,0.37,0.32,0.36,0.25
2018/06/10,Zuoying,NMHC,0.03,0.06,0.07,0.13,0.1,0.1,0.14,0.15,0.14,0.05,0.05,0.04,0.04,0.03,0.03,0.03,0.04,0.05,0.05,0.09,0.09,0.15,0.11,0.06
2018/06/10,Zuoying,NO,0.2,0.1,0.1,0.5,0.6,0.7,3.4,4.2,5.1,2.1,1.5,0.8,0.9,0.8,0.7,0.6,0.5,0.5,0.3,0.3,0.4,0.6,0.4,0.3
2018/06/10,Zuoying,NO2,4.7,5.1,7.2,10,11,9.3,11,13,15,7,4.8,2.8,2.9,3.7,3.1,2.5,3.3,5,6.8,12,16,15,15,5.7
2018/06/10,Zuoying,NOx,4.9,5.2,7.3,11,12,10,15,17,20,9.1,6.3,3.6,3.8,4.5,3.8,3.1,3.8,5.4,7.1,12,16,15,15,6
2018/06/10,Zuoying,O3,29,26,24,14,11,11,11,18,25,31,33,34,32,36,34,35,35,35,31,26,23,24,27,46
2018/06/10,Zuoying,PM10,37,34,36,37,38,41,37,40,41,48,41,33,21,22,29,31,35,35,38,36,32,34,35,32
2018/06/10,Zuoying,PM2.5,10,6,3,11,11,17,12,15,15,16,14,9,4,6,7,12,12,16,10,15,15,17,15,10
2018/06/10,Zuoying,RAINFALL,NR,NR,NR,NR,NR,NR,NR,NR,NR,NR,NR,NR,NR,NR,NR,NR,NR,NR,NR,NR,NR,NR,NR,22
2018/06/10,Zuoying,RH,78,79,80,79,80,80,78,74,68,62,65,64,68,67,64,66,67,69,72,74,71,73,74,82
2018/06/10,Zuoying,SO2,0.6,1.5,1.4,2.4,1.8,2.1,2.3,4.6,7.7,2.2,3.1,1.3,1,1.9,1.3,0.7,1.1,1.7,2.2,3.5,4.7,4.3,4,0.5
2018/06/10,Zuoying,THC,1.8,1.8,1.9,2.1,2,2,2.1,2.1,2.1,1.8,1.8,1.8,1.8,1.8,1.8,1.8,1.8,1.8,1.9,1.9,1.9,2,1.9,1.9
2018/06/10,Zuoying,WD_HR,310,312,337,66,81,94,97,136,189,203,201,203,213,212,213,213,214,211,204,197,184,180,164,167
2018/06/10,Zuoying,WIND_DIREC,308,305,347,66,86,100,101,119,169,213,205,191,202,214,212,217,210,204,196,191,204,178,158,148
2018/06/10,Zuoying,WIND_SPEED,0.7,1.3,0.5,1.3,1.8,1.3,1.6,2.1,2.6,2.5,3.5,3.8,2.6,3.1,3.3,3,3.6,3.3,3,1.9,2.5,2.4,3,1.6
2018/06/10,Zuoying,WS_HR,0.7,0.7,0.6,1,1.3,1.1,1.4,1.3,1.2,1.9,2.3,2.4,2.6,2.9,2.7,2.6,2.1,2.7,2.1,1.7,2.1,2.1,1.9,0.8
2018/06/11,Zuoying,AMB_TEMP,27.9,28.3,27.7,27.7,27.9,27.9,28.2,29.2,29.9,29.8,30,29,27.7,29.3,30.5,30.2,30.1,29.9,29.5,29.1,29,29.1,29,28.8
2018/06/11,Zuoying,CH4,1.9,1.9,2,2,2,2,1.9,1.8,1.8,1.8,1.8,1.8,1.8,1.8,1.8,1.8,1.8,1.8,1.8,1.8,1.8,1.8,1.8,1.8
2018/06/11,Zuoying,CO,0.26,0.29,0.28,0.26,0.24,0.3,0.37,0.35,0.23,0.2,0.19,0.23,0.31,0.31,0.26,0.18,0.2,0.21,0.21,0.22,0.24,0.25,0.27,0.24
2018/06/11,Zuoying,NMHC,0.07,0.11,0.09,0.09,0.09,0.12,0.12,0.07,0.03,0.02,0.02,0.04,0.1,0.09,0.08,0.02,0.02,0.02,0.02,0.04,0.06,0.07,0.07,0.04
2018/06/11,Zuoying,NO,0.2,0.7,1,0.9,0.9,0.9,0.8,0.8,1.1,1.4,1.9,1.5,2,2.4,1.5,1.7,1.2,1.1,0.6,0.6,0.6,0.7,0.6,0.6
2018/06/11,Zuoying,NO2,4,9.5,7.3,6.6,6.6,9.3,12,7.3,4.5,6.1,7.3,7.7,11,10,8.9,7.9,8.6,9,7.8,7.3,10,9.9,9.4,8.3
2018/06/11,Zuoying,NOx,4.2,10,8.3,7.5,7.5,10,13,8.1,5.6,7.5,9.2,9.2,13,12,10,9.5,9.7,10,8.4,7.9,11,11,10,8.9
2018/06/11,Zuoying,O3,60,41,42,47,36,30,36,43,37,41,38,37,29,39,59,47,58,54,52,48,41,42,41,47
2018/06/11,Zuoying,PM10,30,26,27,22,24,26,26,31,29,31,28,33,29,26,28,36,38,42,44,47,45,43,41,41
2018/06/11,Zuoying,PM2.5,4,2,1,13,11,11,6,8,17,14,15,8,9,10,17,16,18,19,17,13,3,11,4,5
2018/06/11,Zuoying,RAINFALL,NR,4.6,NR,NR,0.8,NR,NR,0.6,NR,0.2,NR,5.8,6.6,NR,NR,NR,NR,NR,NR,NR,NR,NR,NR,NR
2018/06/11,Zuoying,RH,88,89,90,91,91,91,91,90,88,85,82,83,88,88,82,80,81,80,79,82,83,83,82,83
2018/06/11,Zuoying,SO2,0.7,1.1,1.3,1,0.6,1,0.6,0.3,0.4,0.9,0.9,0.6,0.3,0.5,1.3,1.2,1.8,1.5,1.2,1.1,2.1,2.5,2.3,2.7
2018/06/11,Zuoying,THC,2,2,2,2.1,2.1,2.1,2.1,1.9,1.8,1.8,1.8,1.8,1.9,1.9,1.9,1.8,1.8,1.8,1.8,1.8,1.9,1.9,1.9,1.9
2018/06/11,Zuoying,WD_HR,181,89,111,124,81,119,188,257,268,285,302,300,6.8,5.6,315,295,297,300,295,309,293,292,253,266
2018/06/11,Zuoying,WIND_DIREC,143,108,115,73,65,31,258,266,270,292,296,356,343,351,296,303,297,296,298,292,294,284,249,272
2018/06/11,Zuoying,WIND_SPEED,1.3,1.5,2,1,1.7,1.5,1.8,2.7,3.2,3,4.6,4.5,1.5,3.3,3,4,4.5,2.6,2.9,1.6,2.8,1.4,1.8,2.6
2018/06/11,Zuoying,WS_HR,1.2,1.3,1.8,1.3,1.1,0.9,0.1,1.8,2.5,3.3,3.8,2,1.9,2.7,2.1,3.7,3.9,3.7,2.4,2,2,1.8,1.7,2
2018/06/12,Zuoying,AMB_TEMP,28.7,28.7,28.5,28.3,28,27.7,28.1,29.1,29.1,30.3,30.9,31.1,32.2,32.4,32.7,32.2,31.4,30.6,29.9,29.3,28.9,28.8,28.6,28.4
2018/06/12,Zuoying,CH4,1.8,1.8,1.9,1.9,1.9,1.9,1.9,1.9,1.9,1.9,1.9,1.9,1.9,1.8,1.8,1.8,1.8,1.8,1.8,1.9,1.9,1.9,2,2
2018/06/12,Zuoying,CO,0.2,0.22,0.24,0.27,0.28,0.29,0.35,0.44,0.36,0.33,0.34,0.31,0.31,0.27,0.24,0.25,0.25,0.27,0.28,0.38,0.42,0.45,0.55,0.46
2018/06/12,Zuoying,NMHC,0.02,0.01,0.02,0.03,0.03,0.04,0.06,0.12,0.07,0.06,0.06,0.04,0.06,0.04,0.04,0.03,0.02,0.02,0.03,0.06,0.09,0.15,0.21,0.17
2018/06/12,Zuoying,NO,0.7,0.1,0.4,0.3,0.1,0.1,0.6,0.8,1.1,1.2,0.6,0.4,0.7,0.9,0.9,0.6,0.6,0.3,0.5,0.3,0.4,0.3,0.5,0.4
2018/06/12,Zuoying,NO2,5.4,5.7,5.6,6.5,7,8.3,6.7,9.3,12,9.5,6,5.3,6.4,5.9,5,4.4,4.5,5.7,6.2,7.7,8.5,11,18,15
2018/06/12,Zuoying,NOx,6.1,5.9,5.9,6.9,7.1,8.4,7.3,10,13,11,6.6,5.6,7.1,6.8,5.9,5,5.1,6,6.8,8,8.9,11,18,15
2018/06/12,Zuoying,O3,49,50,52,51,54,54,54,53,57,63,73,75,70,63,59,58,61,63,63,72,71,63,46,51
2018/06/12,Zuoying,PM10,44,47,42,41,48,54,51,48,50,54,52,54,48,46,32,32,25,31,36,44,46,49,61,72
2018/06/12,Zuoying,PM2.5,5,7,8,7,14,21,22,20,16,16,22,30,28,23,17,17,14,11,17,21,23,24,28,29
2018/06/12,Zuoying,RAINFALL,NR,NR,NR,NR,NR,NR,NR,NR,NR,NR,NR,NR,NR,NR,NR,NR,NR,NR,NR,NR,NR,NR,NR,NR
2018/06/12,Zuoying,RH,82,82,82,82,82,82,82,77,74,71,68,67,62,60,54,56,58,64,67,73,76,76,76,76
2018/06/12,Zuoying,SO2,1.8,1.9,1.8,3.5,3.2,2.8,2.4,4.4,4.2,2.9,2.5,2.4,2,2.1,1.1,0.7,0.9,1.1,0.9,1.5,1.5,2.7,3.2,2.9
2018/06/12,Zuoying,THC,1.8,1.8,1.9,1.9,1.9,1.9,2,2.1,2,2,2,1.9,1.9,1.9,1.9,1.9,1.9,1.9,1.9,1.9,2,2.1,2.2,2.2
2018/06/12,Zuoying,WD_HR,279,282,287,292,308,315,7.3,348,306,303,287,288,212,217,240,261,280,289,299,342,327,343,13,18
2018/06/12,Zuoying,WIND_DIREC,279,270,284,294,313,329,12,304,306,290,297,277,194,233,250,269,291,295,320,338,311,355,359,22
2018/06/12,Zuoying,WIND_SPEED,3,2.4,2.6,2.8,2.4,1.7,1.9,2.1,2.6,2.8,2.6,2.9,2.9,3,3.1,2.7,3.3,3.1,2,1.7,1.1,1.8,1.3,2.3
2018/06/12,Zuoying,WS_HR,2.3,2.4,2.5,2.1,2.5,2,1.4,1.4,2.2,1.9,1.8,2.5,2.5,2.2,2.3,2.5,3.3,2.6,2.1,1.5,1.3,1.3,1.2,2.1
2018/06/13,Zuoying,AMB_TEMP,28.1,27.7,27.8,27.6,27.4,27.3,27.9,29.3,30.8,31.8,31.4,31.4,31.8,31.7,31.4,31,30.6,30.1,29.7,29.4,29.3,29.3,29.5,29.5
2018/06/13,Zuoying,CH4,2,2,2,2.1,2,2,2,2,1.9,1.9,1.9,1.9,1.9,1.8,1.9#,1.9,1.9,1.9,1.9,1.9,1.9,1.9,1.9,2
2018/06/13,Zuoying,CO,0.38,0.3,0.34,0.35,0.33,0.35,0.44,0.56,0.45,0.39,0.28,0.26,0.24,0.23,0.24#,0.25,0.27,0.29,0.3,0.32,0.35,0.34,0.36,0.5
2018/06/13,Zuoying,NMHC,0.12,0.09,0.24,0.32,0.27,0.12,0.17,0.15,0.1,0.09,0.04,0.03,0.02,0.03,0.02#,0.03,0.03,0.03,0.04,0.04,0.05,0.05,0.06,0.17
2018/06/13,Zuoying,NO,0.4,0.2,0.4,0.4,0,0.1,0.4,1.4,1.3,0.8,0.6,0.7,0.5,0.4,0.3#,0.3,0.4,0.5,0.4,0.2,0.5,0.3,0.2,0.3
2018/06/13,Zuoying,NO2,10,7.2,13,16,15,8.8,10,14,10,8.5,5.4,4.4,4.6,3.6,5.3#,3.4,5,5.5,9.7,10,7.9,9.4,9.2,17
2018/06/13,Zuoying,NOx,11,7.3,13,17,15,8.9,10,15,11,9.3,6,5,5.2,4,5.6#,3.7,5.4,6,10,10,8.4,9.7,9.4,18
2018/06/13,Zuoying,O3,61,60,47,41,39,43,43,48,61,76,77,75,72,68#,72#,67,63,71,75,75,75,71,65,47
2018/06/13,Zuoying,PM10,75,65,58,58,61,63,55,57,55,55,56,56,53,693#,58,55,54,46,43,38,41,45,51,54
2018/06/13,Zuoying,PM2.5,28,27,26,30,29,33,24,26,22,27,27,32,28,678#,16,20,16,20,18,22,23,25,24,20
2018/06/13,Zuoying,RAINFALL,NR,NR,NR,NR,NR,NR,NR,NR,NR,NR,NR,NR,NR,NR,NR,NR,NR,NR,NR,NR,NR,NR,NR,NR
2018/06/13,Zuoying,RH,75,75,77,77,77,77,75,68,61,59,65,69,68,67,65,66,68,68,68,69,71,72,70,69
2018/06/13,Zuoying,SO2,1.4,1.8,2.9,3,3,1.8,1.8,2,1.9,2.3,3.3,3.1,2,1.5,2.3#,1.4,2,2,3.2,1.7,1.4,2,1.7,5.3
2018/06/13,Zuoying,THC,2.1,2.1,2.3,2.4,2.3,2.1,2.1,2.1,2,2,2,2,1.9,1.9,1.9#,1.9,1.9,1.9,1.9,1.9,1.9,1.9,2,2.1
2018/06/13,Zuoying,WD_HR,25,42,20,38,21,27,18,10,11,4.3,297,296,290,292,284,261,267,281,295,279,290,283,332,123
2018/06/13,Zuoying,WIND_DIREC,31,26,20,48,8.7,27,355,5.7,6.8,340,293,289,295,301,259,259,273,267,307,249,278,270,26,124
2018/06/13,Zuoying,WIND_SPEED,2.1,1.2,1.5,1.9,1.7,1.5,1.3,3.5,4.2,3,5.2,3.6,3.9,5.5,3.9,3.5,2.6,2.4,1.4,1,1.1,0.9,0.7,2.6
2018/06/13,Zuoying,WS_HR,1.7,1.7,1.6,1.5,1.6,1.1,1,2.8,3.1,2.8,4,3.9,3.3,4.6,3.6,2.9,2.4,2.2,1.6,1.1,0.8,0.7,0.5,1.5
2018/06/14,Zuoying,AMB_TEMP,28.6,29.1,29,28.8,28.6,28.5,29.3,29.4,27.3,27.2,27.7,29.1,27.5,27.5,27.7,27.2,27.3,27,27.1,27.1,27.3,26.6,26.5,26.5
2018/06/14,Zuoying,CH4,1.9,1.9,1.9,1.9,1.8,1.8,1.8,1.8,1.8,1.8,1.8,1.8,1.8,1.8,1.8,1.8,1.8,1.8,1.9,1.8,1.8,1.8,1.8,1.8
2018/06/14,Zuoying,CO,0.42,0.36,0.44,0.48,0.37,0.36,0.28,0.39,0.38,0.36,0.48,0.41,0.36,0.53,0.39,0.4,0.33,0.39,0.47,0.26,0.21,0.2,0.19,0.21
2018/06/14,Zuoying,NMHC,0.12,0.12,0.07,0.06,0.07,0.12,0.12,0.13,0.12,0.12,0.2,0.13,0.13,0.17,0.15,0.12,0.1,0.1,0.12,0.05,0.02,0.03,0.03,0.04
2018/06/14,Zuoying,NO,0.2,0.5,0.3,0.5,0.1,0.3,1.3,2.3,2.2,3.2,5.5,4.4,3.1,6,3.7,2.6,1.1,1,0.5,0.4,0.5,0.5,0.3,0.3
2018/06/14,Zuoying,NO2,9.6,15,11,10,9.5,12,11,12,13,15,20,13,13,22,17,17,14,14,15,9.2,7.1,5.8,6.3,9
2018/06/14,Zuoying,NOx,9.9,15,11,11,9.6,12,12,15,15,19,25,18,16,28,20,20,15,15,15,9.6,7.6,6.3,6.5,9.4
2018/06/14,Zuoying,O3,56,56,61,50,45,33,27,25,20,17,16,25,23,13,19,23,27,27,32,32,36,34,35,34
2018/06/14,Zuoying,PM10,50,54,49,49,38,29,20,15,16,15,16,22,22,8,6,11,13,14,19,21,31,28,26,19
2018/06/14,Zuoying,PM2.5,21,28,27,24,15,13,6,3,2,6,7,4,4,1,1,1,1,4,4,4,7,7,8,10
2018/06/14,Zuoying,RAINFALL,NR,NR,NR,NR,NR,NR,NR,NR,6.4,7.2,2.2,NR,3,0.8,3.8,4.2,4.8,4.4,2.2,2.8,1.8,1.4,5,4
2018/06/14,Zuoying,RH,77,78,74,74,75,77,74,75,83,89,90,88,87,89,90,91,92,92,92,93,93,93,93,93
2018/06/14,Zuoying,SO2,2.9,5.8,4.6,4.6,3.3,3,1.6,1.7,0.5,1,2.9,2.6,1.2,3.9,1.3,2.9,1.7,1.4,1.4,0.6,0.3,0.2,0.3,0.5
2018/06/14,Zuoying,THC,2,2,2,1.9,1.9,2,1.9,1.9,1.9,1.9,2,1.9,1.9,2,2,1.9,1.9,1.9,2,1.8,1.8,1.8,1.8,1.8
2018/06/14,Zuoying,WD_HR,109,187,168,152,161,141,149,146,131,156,137,141,144,121,113,158,166,155,124,132,199,194,191,177
2018/06/14,Zuoying,WIND_DIREC,169,194,169,151,151,154,146,147,130,159,143,128,137,96,131,194,152,164,104,198,197,192,188,189
2018/06/14,Zuoying,WIND_SPEED,0.7,2.4,2.7,4.2,2.9,3.1,4.2,4.1,3.5,2.7,4.2,3.3,3,2.3,3.6,4.5,6.1,3.5,5,4.9,7,6,5,4.1
2018/06/14,Zuoying,WS_HR,1,1.6,2.7,3,2.9,3.1,3.1,3.9,3.7,2.5,2.8,3,3,2,2.6,3.2,3.5,3.3,3.4,4.1,5.7,4.9,4.7,3.7
2018/06/15,Zuoying,AMB_TEMP,26.7,26.7,26.8,26.2,25.6,25.7,26.7,26.8,26.8,26.2,25.9,26.9,28.3,28.8,28.8,29,29.1,29,28.6,27.8,27.2,27,26.8,26.7
2018/06/15,Zuoying,CH4,1.8,1.8,1.8,1.8,1.8,1.8,1.8,1.8,1.8,1.9,1.8,1.9,1.9,1.8,1.9,1.9,1.9,1.9,1.9,1.9,1.9,1.9,1.9,1.9
2018/06/15,Zuoying,CO,0.19,0.19,0.21,0.17,0.16,0.17,0.2,0.35,0.48,0.39,0.34,0.44,0.31,0.27,0.44,0.39,0.37,0.55,0.53,0.36,0.37,0.4,0.41,0.46
2018/06/15,Zuoying,NMHC,0.03,0.03,0.04,0.02,0.02,0.03,0.03,0.09,0.14,0.15,0.15,0.23,0.15,0.08,0.16,0.16,0.21,0.25,0.25,0.17,0.18,0.17,0.18,0.21
2018/06/15,Zuoying,NO,0.2,0.2,0.2,0.3,0.3,0.3,0.5,0.5,1.3,1.4,1.9,4.1,1.8,0.5,0.6,0.9,1.2,0.9,0.6,0.4,0.5,0.5,0.6,0.5
2018/06/15,Zuoying,NO2,6.8,6.5,7.3,6.1,5.6,5.5,5.8,11,17,15,13,18,12,9.7,15,16,18,23,23,16,14,14,17,18
2018/06/15,Zuoying,NOx,7.1,6.7,7.4,6.4,5.9,5.7,6.3,12,18,17,15,22,14,10,16,17,19,24,23,16,15,15,18,19
2018/06/15,Zuoying,O3,37,40,38,37,34,40,35,29,22,23,23,29,52,57,52,56,53,48,40,37,34,30,24,20
2018/06/15,Zuoying,PM10,20,17,19,20,25,20,19,16,21,23,30,38,41,46,51,58,74,88,103,91,74,64,57,61
2018/06/15,Zuoying,PM2.5,6,2,1,1,1,1,1,1,1,1,4,13,15,22,18,21,16,16,17,20,12,13,10,14
2018/06/15,Zuoying,RAINFALL,8.2,3.2,3.8,2.4,31,17,5.2,8.6,NR,NR,0.2,NR,NR,NR,NR,NR,NR,NR,NR,NR,NR,NR,NR,NR
2018/06/15,Zuoying,RH,93,94,94,94,94,94,95,95,95,95,95,95,92,85,81,80,79,79,79,79,80,82,83,84
2018/06/15,Zuoying,SO2,2,1.2,1.4,0.6,0.6,0.7,0.6,1,0.9,0.9,0.8,1.4,1.5,1.6,1.3,1.6,3.1,2.6,2.6,1.3,0.7,0.2,0.2,0.3
2018/06/15,Zuoying,THC,1.8,1.8,1.8,1.8,1.8,1.8,1.8,1.9,2,2,2,2.2,2,1.9,2,2,2.1,2.1,2.1,2,2,2.1,2.1,2.1
2018/06/15,Zuoying,WD_HR,177,173,181,192,173,171,192,171,141,348,6,350,326,313,11,299,320,354,336,323,319,332,310,345
2018/06/15,Zuoying,WIND_DIREC,185,183,199,184,154,203,191,147,24,8.5,9,304,312,80,348,305,299,333,313,336,318,317,294,357
2018/06/15,Zuoying,WIND_SPEED,4,4.7,4,2.9,3.5,3.9,5,2.4,2.9,6.3,4,2,1.9,1.1,0.5,0.9,1.5,0.7,1.2,1,1.2,0.6,0.5,0.5
2018/06/15,Zuoying,WS_HR,4.4,3.8,3.7,3.3,3,3.5,4.1,3.1,1,3.2,4.3,2.2,1.7,0.7,0.5,0.9,1.4,1.1,1,1.4,0.9,0.7,0.6,0.4
2018/06/16,Zuoying,AMB_TEMP,26.7,26.5,26.8,27.3,27.5,27.6,27.9,28.9,30.7,30.8,30.8,30.7,30.6,29.4,29.8,28.6,26.6,25.9,25.8,26.1,26.8,27.5,27.3,27
2018/06/16,Zuoying,CH4,1.9,2,2,1.9,1.9,1.8,1.8,1.8,1.8,1.8,1.8,1.8,1.8,1.8,1.7,1.8,1.8,1.8,1.8,1.8,1.8,1.8,1.8,1.9
2018/06/16,Zuoying,CO,0.4,0.41,0.44,0.33,0.23,0.21,0.27,0.37,0.26,0.25,0.25,0.25,0.26,0.21,0.2,0.26,0.42,0.62,0.5,0.93,0.56,0.49,0.43,0.81
2018/06/16,Zuoying,NMHC,0.2,0.21,0.25,0.18,0.08,0.07,0.09,0.13,0.08,0.06,0.08,0.07,0.06,0.04,0.05,0.08,0.1,0.15,0.11,0.19,0.2,0.21,0.21,0.38
2018/06/16,Zuoying,NO,0.6,0.6,0.7,0.6,0.7,0.8,1.1,1.6,2.4,3.1,2.8,2,2.4,2.4,3.2,2.9,2.2,1.8,1.5,2.3,2.3,1.9,1.5,13
2018/06/16,Zuoying,NO2,17,17,20,23,18,12,14,14,13,14,11,8.9,11,12,11,13,14,22,18,31,28,27,25,29
2018/06/16,Zuoying,NOx,17,18,21,23,19,13,15,16,15,17,14,11,13,15,14,16,17,23,20,33,30,29,27,42
2018/06/16,Zuoying,O3,22,16,15,17,26,37,37,41,45,39,42,43,39,33,28,26,27,20,26,9.7,8.9,9.1,6.8,1.8
2018/06/16,Zuoying,PM10,60,63,61,61,58,48,42,47,55,58,52,40,35,30,28,22,15,17,20,32,30,22,22,31
2018/06/16,Zuoying,PM2.5,12,15,23,21,19,10,10,10,10,12,12,15,9,6,1,5,3,3,2,4,8,3,5,1
2018/06/16,Zuoying,RAINFALL,NR,NR,NR,NR,NR,NR,NR,NR,NR,NR,NR,NR,NR,NR,NR,1.4,4,19,3.2,0.8,NR,NR,NR,NR
2018/06/16,Zuoying,RH,84,85,86,86,86,84,84,81,72,70,73,74,74,78,77,78,86,89,91,91,89,85,84,86
2018/06/16,Zuoying,SO2,1.8,1.7,2.7,7.2,6.8,4.7,4.1,6.2,4,4.5,2.1,1.3,1.6,1.9,2.7,2.8,2.1,2.4,3.7,9.3,6.4,5,4.5,3.6
2018/06/16,Zuoying,THC,2.1,2.2,2.2,2.1,1.9,1.9,1.9,2,1.9,1.8,1.9,1.9,1.9,1.8,1.8,1.8,1.9,1.9,1.9,2,2,2,2,2.3
2018/06/16,Zuoying,WD_HR,354,313,137,157,167,146,165,171,178,190,205,200,195,193,176,178,157,163,177,169,185,197,287,22
2018/06/16,Zuoying,WIND_DIREC,335,9.3,157,156,170,181,167,189,190,196,207,191,204,191,184,174,149,155,182,168,176,184,340,34
2018/06/16,Zuoying,WIND_SPEED,0.5,0.5,1,1.6,2.6,0.7,2.5,2,3.3,2.7,3,2.9,3.8,4.5,5,4.2,3.2,3.4,2.6,1.2,1.6,1.1,0.6,1
2018/06/16,Zuoying,WS_HR,0.5,0.4,0.5,1.2,1.6,1.4,1.5,1.6,2.5,2.9,2.8,3,2.9,4.1,3.5,3.4,3.1,2.6,2.7,1.5,1.2,1,0.3,0.9
2018/06/17,Zuoying,AMB_TEMP,27.1,26.9,27.1,27.6,28.5,28.6,28.7,29.4,29.3,29.2,28.7,26.5,26.7,26.6,26.4,26.1,25.6,26.1,25.7,25.9,25.9,26,26.3,25.2
2018/06/17,Zuoying,CH4,2,1.9,2,2,1.8,1.8,1.8,1.8,1.8,1.8,1.8,1.8,1.8,1.7,1.7,1.8,1.8,1.8,1.8,1.8,1.8,1.8,1.8,1.7
2018/06/17,Zuoying,CO,0.61,0.33,0.26,0.32,0.49,0.29,0.27,0.29,0.42,0.39,0.35,0.27,0.45,0.21,0.23,0.25,0.33,0.37,0.26,0.36,0.33,0.33,0.3,0.15
2018/06/17,Zuoying,NMHC,0.26,0.15,0.12,0.16,0.11,0.07,0.11,0.12,0.1,0.09,0.1,0.09,0.12,0.06,0.07,0.08,0.1,0.12,0.09,0.13,0.12,0.13,0.12,0.04
2018/06/17,Zuoying,NO,5,0.9,0.9,0.5,0.6,0.6,1,1.8,2.3,2.9,2.6,2.5,3.6,1.4,1.8,2.4,1.1,1.3,0.7,0.9,1.2,0.8,0.7,0.6
2018/06/17,Zuoying,NO2,26,15,11,14,15,10,11,12,12,10,11,14,16,8.4,12,12,16,16,13,19,16,17,16,7.8
2018/06/17,Zuoying,NOx,31,16,12,15,15,11,12,13,15,13,13,17,19,9.9,13,15,17,17,13,20,17,18,16,8.4
2018/06/17,Zuoying,O3,8,16,17,16,21,28,28,29,26,24,24,17,16,21,18,20,19,17,22,15,15,13,14,24
2018/06/17,Zuoying,PM10,40,39,29,27,24,28,24,27,23,29,28,32,27,28,29,26,20,14,16,21,26,30,26,20
2018/06/17,Zuoying,PM2.5,4,1,5,3,9,15,17,9,2,1,7,8,13,8,6,1,1,1,1,1,5,5,1,1
2018/06/17,Zuoying,RAINFALL,0.4,NR,NR,NR,NR,NR,NR,NR,NR,NR,0.8,19,1.4,1,4.2,9.8,5.4,31,12,3.8,0.8,NR,5.4,6
2018/06/17,Zuoying,RH,87,87,86,85,79,74,74,72,73,75,78,85,90,91,91,92,93,93,94,94,95,95,94,94
2018/06/17,Zuoying,SO2,2.2,2,1.5,3.1,7.5,3.5,1.9,2.1,4.8,4.6,3,1.9,2.7,0.4,1.3,2.1,0.7,0.6,0.8,1.7,1.4,2.9,2.3,0.6
2018/06/17,Zuoying,THC,2.2,2.1,2.1,2.1,2,1.9,1.9,1.9,1.9,1.9,1.9,1.8,1.9,1.8,1.8,1.8,1.9,1.9,1.9,1.9,1.9,1.9,1.9,1.8
2018/06/17,Zuoying,WD_HR,105,101,138,151,167,158,152,150,177,179,162,175,136,134,159,178,148,158,179,138,105,108,146,196
2018/06/17,Zuoying,WIND_DIREC,71,89,146,148,172,164,143,154,172,176,169,174,129,145,174,188,97,235,162,120,116,96,199,178
2018/06/17,Zuoying,WIND_SPEED,1.7,1.1,2.3,2.1,2.6,2.6,2.7,4.3,2.7,4.2,4.2,3.4,3.8,4.2,3.5,2.2,1.4,1.8,1.9,2.2,2.1,1.6,2.2,2
2018/06/17,Zuoying,WS_HR,1.6,1.5,1.7,1.5,2.4,2.6,2.4,3.1,3.1,3.3,3.4,3.3,3.2,3.3,3.1,2.6,0.9,1.3,1.5,2,1.9,1.8,2,2.5
2018/06/18,Zuoying,AMB_TEMP,25.1,25.2,25.3,25.3,25.5,25.8,27.1,27.5,27.9,28.2,29,29.2,29.3,29.1,29.4,28.5,27,27.4,26.8,26.8,27.2,27.3,27.4,27.3
2018/06/18,Zuoying,CH4,1.8,1.8,1.8,1.9,1.8,1.8,1.7,1.7,1.7,1.7,1.7,1.7,1.7,1.7,1.7,1.7,1.7,1.8,1.8,1.8,1.8,1.8,1.8,1.8
2018/06/18,Zuoying,CO,0.16,0.31,0.24,0.12,0.12,0.15,0.15,0.29,0.48,0.65,0.22,0.21,0.19,0.21,0.15,0.17,0.21,0.41,0.49,0.51,0.41,0.39,0.45,0.32
2018/06/18,Zuoying,NMHC,0.07,0.07,0.06,0.03,0.03,0.04,0.06,0.11,0.14,0.11,0.07,0.07,0.05,0.07,0.04,0.05,0.04,0.16,0.17,0.18,0.13,0.12,0.14,0.12
2018/06/18,Zuoying,NO,0.5,0.6,0.4,0.3,0.5,0.5,0.5,1.1,2.3,4.1,2.8,2.3,2.6,2.6,2.3,2,0.8,1.8,1.3,1.2,1,1,0.8,0.8
2018/06/18,Zuoying,NO2,9,15,10,4.2,3.9,4.9,7.3,10,14,15,7.4,7.9,7.6,9,6.1,7.5,8.4,17,19,20,15,14,16,13
2018/06/18,Zuoying,NOx,9.5,16,11,4.5,4.4,5.4,7.8,12,16,19,10,10,10,12,8.4,9.6,9.2,19,20,22,16,15,17,13
2018/06/18,Zuoying,O3,22,16,18,24,22,20,17,16,14,12,21,22,21,19,21,20,23,18,12,11,14,15,13,15
2018/06/18,Zuoying,PM10,10,10,16,24,24,17,20,26,35,39,44,47,48,47,47,44,49,44,44,38,43,45,45,43
2018/06/18,Zuoying,PM2.5,1,3,6,6,1,1,1,4,1,8,5,12,10,11,14,9,7,6,11,14,14,6,4,6
2018/06/18,Zuoying,RAINFALL,1.6,3.4,4.2,4.2,4,2,1.4,0.2,NR,NR,NR,0.8,1.2,7.8,NR,12,0.4,NR,NR,NR,NR,NR,NR,NR
2018/06/18,Zuoying,RH,94,94,95,95,95,96,96,95,94,93,90,86,86,84,86,84,87,88,88,89,90,90,90,90
2018/06/18,Zuoying,SO2,1.4,2.9,1.3,0.3,0.6,0.5,1.5,3.6,6.1,7.4,2.4,2.2,2.3,1.9,1.3,1.6,-0.4,1.2,2.5,4.3,0.1,0.4,1.1,1.1
2018/06/18,Zuoying,THC,1.8,1.9,1.9,1.9,1.9,1.8,1.8,1.8,1.9,1.8,1.8,1.8,1.8,1.8,1.7,1.8,1.8,1.9,2,2,1.9,1.9,2,2
2018/06/18,Zuoying,WD_HR,113,108,116,105,118,127,187,167,175,164,176,181,178,184,196,201,200,166,107,137,137,139,121,122
2018/06/18,Zuoying,WIND_DIREC,102,98,111,108,123,154,178,174,175,169,174,186,174,199,191,207,179,157,337,145,139,131,126,117
2018/06/18,Zuoying,WIND_SPEED,1.8,1.6,3.2,2.9,3.4,2.7,3.7,3.4,3.6,4.4,4.3,4.6,3.9,4.7,4.6,4.3,2.7,2.6,0.8,2.4,2.2,3.1,2,2.2
2018/06/18,Zuoying,WS_HR,1.6,1.9,2,2.9,2.3,1.8,3.3,2.6,2.9,3,3.7,3.8,3.9,3.9,4.2,3.7,2.8,2.1,1.4,2,2.7,2.5,2.1,2.1
2018/06/19,Zuoying,AMB_TEMP,27.2,27,26.5,26.4,27.4,27.3,27.2,26.3,26.7,27.1,26.7,25.7,26.2,25.2,25.1,24.9,25,25,25,25,25,25,24.9,25.1
2018/06/19,Zuoying,CH4,1.8,1.8,1.7,1.7,1.7,1.8,1.8,1.8,1.8,1.7,1.7,1.7,1.7,1.7,1.7,1.7,1.8,1.8,1.8,1.9,1.8,1.8,1.7,1.7
2018/06/19,Zuoying,CO,0.3,0.18,0.11,0.09,0.1,0.14,0.29,0.42,0.34,0.2,0.21,0.13,0.26,0.21,0.22,0.24,0.47,0.63,0.61,0.56,0.43,0.29,0.2,0.19
2018/06/19,Zuoying,NMHC,0.11,0.08,0.02,0.01,0.02,0.05,0.11,0.11,0.09,0.05,0.06,0.02,0.09,0.04,0.07,0.06,0.18,0.33,0.24,0.23,0.17,0.11,0.05,0.07
2018/06/19,Zuoying,NO,0.9,0.6,0.4,0.3,0.1,0.4,0.9,2.2,1.7,1,1.6,0.9,2.1,1.1,1.6,1.4,7.1,14,4.1,2.6,2.1,1.2,0.3,0.3
2018/06/19,Zuoying,NO2,12,9.6,6.7,3.5,7.6,6.8,13,14,10,7.3,8.8,4.9,13,9,13,12,24,29,24,24,20,14,7.3,8.3
2018/06/19,Zuoying,NOx,13,10,7.1,3.8,7.7,7.1,14,17,12,8.3,10,5.8,15,10,15,14,31,42,28,26,22,15,7.6,8.6
2018/06/19,Zuoying,O3,15,17,23,24,19,21,14,17,22,22,19,21,15,20,16,16,6.2,2,5.3,5.1,7,13,18,17
2018/06/19,Zuoying,PM10,39,30,27,26,35,31,31,25,30,26,32,29,26,20,19,21,18,14,14,16,21,19,14,9
2018/06/19,Zuoying,PM2.5,6,8,1,1,1,6,6,9,13,8,4,1,2,1,1,1,3,3,7,1,3,1,4,1
2018/06/19,Zuoying,RAINFALL,3.6,2.2,12,6.8,NR,NR,NR,14,0.2,1.2,11,5,21,12,58,6.8,8,8.8,6,2.6,10,11,4,3.6
2018/06/19,Zuoying,RH,90,90,91,92,92,92,92,92,92,91,91,92,93,94,94,95,96,96,96,96,96,96,96,96
2018/06/19,Zuoying,SO2,2.3,1.3,0.7,1.5,2.8,2.7,3,1.7,1.4,1.2,1.2,1.1,1.2,1.1,1.1,1,1.2,1.7,1.3,1.9,1.8,1.3,1.1,1
2018/06/19,Zuoying,THC,1.9,1.9,1.8,1.7,1.8,1.8,1.9,1.9,1.8,1.8,1.8,1.7,1.8,1.8,1.8,1.8,2,2.2,2.1,2.1,2,1.9,1.8,1.8
2018/06/19,Zuoying,WD_HR,137,152,223,213,194,160,140,181,213,213,213,260,197,21,310,55,62,102,112,109,122,183,133,146
2018/06/19,Zuoying,WIND_DIREC,150,156,253,194,189,164,78,182,228,207,247,254,246,70,291,58,78,91,88,112,212,196,151,155
2018/06/19,Zuoying,WIND_SPEED,2.1,1.4,2.3,2.1,2.2,2.3,1.9,1.5,3.6,2.7,3.2,1.7,2.9,1.9,0.8,0.5,1.3,1.5,1.1,1.7,2.3,1.4,1.4,2.2
2018/06/19,Zuoying,WS_HR,2.3,0.9,1.7,1.7,2.3,1.8,1.4,1.4,2.3,2,1.8,1.8,0.7,0.7,0.8,0.3,0.8,1.3,1.1,1.7,1.3,0.9,0.8,0.8
2018/06/20,Zuoying,AMB_TEMP,25,24.9,24.7,24.7,24.8,24.7,24.9,25.2,25.1,25.2,25.3,25.5,26.1,27.6,27.2,27,26.8,26.5,26.2,26,26,26.1,26.1,26
2018/06/20,Zuoying,CH4,1.9,1.8,1.8,1.8,1.8,1.8,1.8,1.8,1.8,1.8,1.8,1.8,1.8,1.8,1.8,1.8,1.8,1.8,1.8,1.8,1.9,1.9,1.9,2
2018/06/20,Zuoying,CO,0.23,0.14,0.12,0.11,0.12,0.13,0.18,0.62,0.57,0.41,0.47,0.45,0.31,0.25,0.41,0.4,0.36,0.7,1.01,0.8,1.19,1.48,1.51,1.32
2018/06/20,Zuoying,NMHC,0.11,0.07,0.04,0.03,0.04,0.13,0.08,0.18,0.17,0.12,0.31,0.28,0.18,0.11,0.17,0.21,0.19,0.29,0.38,0.3,0.49,0.6,0.65,0.55
2018/06/20,Zuoying,NO,0.6,0.6,0.3,0.4,0.3,0.2,1,6.3,6.4,3.8,19,19,8.7,4,2.9,8.5,4.9,5,12,9.6,23,32,34,34
2018/06/20,Zuoying,NO2,12,7.9,6.9,7.7,6,12,14,21,21,18,27,24,15,13,18,20,16,25,31,28,28,29,28,26
2018/06/20,Zuoying,NOx,12,8.4,7.1,8.1,6.2,12,15,27,27,22,46,43,24,17,21,28,21,30,43,37,51,61,62,61
2018/06/20,Zuoying,O3,13,15,17,17,18,11,11,5.8,6,9.7,2.3,4.4,13,19,15,11,16,8,1.2,1.2,1,1.2,1.3,1.1
2018/06/20,Zuoying,PM10,7,7,6,9,12,11,10,10,11,10,12,16,21,24,26,31,30,27,18,21,25,23,25,29
2018/06/20,Zuoying,PM2.5,1,1,9,7,4,2,2,1,3,6,3,1,1,4,9,14,13,12,5,6,1,8,7,13
2018/06/20,Zuoying,RAINFALL,2.4,7,1.6,4.2,12,11,25,11,26,7.6,4.2,0.4,NR,0.2,5.8,0.8,NR,2.4,1.2,0.8,NR,NR,NR,NR
2018/06/20,Zuoying,RH,97,97,97,97,97,97,98,98,98,98,98,99,99,97,96,95,95,94,94,95,95,96,96,96
2018/06/20,Zuoying,SO2,1.2,0.3,0.8,0.9,0.4,0.7,0.8,0.4,0.4,0.4,1.1,1.3,1.8,1.8,0.6,0.6,1.6,1,1.8,1.2,1.7,2.5,3.4,3.5
2018/06/20,Zuoying,THC,2,1.9,1.8,1.8,1.8,2,1.8,2,1.9,1.9,2.1,2.1,2,1.9,1.9,2,2,2.1,2.2,2.2,2.4,2.5,2.6,2.5
2018/06/20,Zuoying,WD_HR,102,103,115,142,139,46,79,78,148,27,44,66,88,91,116,88,140,139,84,81,173,191,126,62
2018/06/20,Zuoying,WIND_DIREC,56,123,111,136,359,63,57,173,163,49,44,89,95,109,107,102,158,24,80,108,205,200,58,156
2018/06/20,Zuoying,WIND_SPEED,0.9,2.4,1.9,2.5,2.3,3.1,3,1.6,1.8,1.7,1.6,2.8,2.6,1.8,1.8,2.7,3.5,1,1.2,1.2,1.3,1.5,1.1,1
2018/06/20,Zuoying,WS_HR,1.2,1.9,2.2,1.8,0.4,2.6,1.2,1,0.6,1.1,1.5,1.7,1.9,1.5,0.9,1.6,2.8,1,1.2,1,0.7,0.8,0.7,0.9
2018/06/21,Zuoying,AMB_TEMP,26,25.9,25.7,25.5,25.4,25.3,25.6,26.4,27.6,29.7,30.7,29.5,25.7,26.4,27.4,27.8,27.9,28.1,27.7,27.1,27,27.3,27.2,27.1
2018/06/21,Zuoying,CH4,2,1.9,1.9,1.8,1.8,1.9,1.9,1.9,1.9,1.8,1.8,1.7,1.7,1.7,1.8,1.8,1.8,1.8,1.9,1.9,1.9,1.9,1.9,1.8
2018/06/21,Zuoying,CO,0.77,0.45,0.31,0.19,0.19,0.24,0.4,0.79,1.2,0.71,0.46,0.24,0.13,0.27,0.53,0.43,0.37,0.62,1.13,1.32,1.75,1.37,1.03,0.43
2018/06/21,Zuoying,NMHC,0.37,0.26,0.14,0.09,0.08,0.09,0.14,0.25,0.4,0.23,0.15,0.08,0.01,0.07,0.23,0.22,0.16,0.23,0.45,0.63,0.7,0.6,0.46,0.19
2018/06/21,Zuoying,NO,14,3.2,1.7,1.5,1.4,2.3,7,20,41,15,3.9,2.3,1.4,3.1,14,10,4.7,5.9,15,24,34,33,29,5.5
2018/06/21,Zuoying,NO2,23,17,12,8.1,7.5,9,10,16,24,22,14,6.8,3.1,9.2,23,21,18,24,32,32,30,34,33,23
2018/06/21,Zuoying,NOx,38,20,14,9.6,8.9,11,17,36,65,36,18,9,4.5,12,37,31,23,30,47,56,64,67,62,28
2018/06/21,Zuoying,O3,1,2.2,6.7,10,9.9,5.6,5.5,3.8,4.7,17,35,33,22,16,10,14,16,11,3.3,1.1,1.1,1,1.2,2.7
2018/06/21,Zuoying,PM10,34,41,32,30,20,38,47,55,47,41,41#,42#,35,33,25,29,28,35,39,50,57,56,59,52
2018/06/21,Zuoying,PM2.5,7,9,10,12,5,14,22,27,20,15,15#,26#,17,15,3,11,10,11,17,16,17,9,14,14
2018/06/21,Zuoying,RAINFALL,0.2,0.2,3.4,0.4,3,NR,NR,NR,NR,NR,NR,1.2,2,0.2,NR,NR,NR,NR,NR,NR,NR,NR,NR,NR
2018/06/21,Zuoying,RH,96,95,96,96,96,96,96,96,93,86,76,73,86,90,90,89,87,84,84,87,89,88,88,88
2018/06/21,Zuoying,SO2,2.8,1.5,0.7,0.5,0.5,0.6,0.7,2,5.4,2.1,1,1,0,0,0.9,1.2,0.8,0.7,1.6,1.5,2,8.3,11,5.6
2018/06/21,Zuoying,THC,2.3,2.2,2,1.9,1.9,2,2.1,2.2,2.3,2,1.9,1.8,1.7,1.8,2,2,1.9,2,2.3,2.6,2.6,2.5,2.3,2
2018/06/21,Zuoying,WD_HR,119,162,133,176,141,141,151,134,125,86,169,262,276,31,91,96,100,75,37,341,203,166,186,161
2018/06/21,Zuoying,WIND_DIREC,154,6.7,134,139,134,111,148,91,149,60,140,263,292,124,109,118,129,58,40,227,192,134,184,114
2018/06/21,Zuoying,WIND_SPEED,1.3,1.4,0.9,1.9,1.8,1,1.1,0.8,1,1.4,1.2,5.4,1,1,2,2.5,1.7,1.4,1.2,1.1,1.8,1.8,1.7,0.9
2018/06/21,Zuoying,WS_HR,0.6,0.5,1.1,1.4,1.5,0.7,0.7,0.5,0.9,1.1,0.5,2.4,2.2,0.6,1.6,1.7,1.7,1.3,0.9,0.4,1.6,1.1,1.3,0.9
2018/06/22,Zuoying,AMB_TEMP,26.8,26.8,26.8,26.3,26.2,26.2,26.7,28.3,30.1,30.6,30.3,30.7,29.4,29.8,29.6,28.9,29.2,29.1,28.8,28.5,28.4,28.1,27.9,27.6
2018/06/22,Zuoying,CH4,1.8,2.1,2.2,2.2,2.2,2.2,2.1,2,1.7,1.7,1.7,1.7,1.7,1.7,1.7,1.7,1.7,1.7,1.7,1.7,1.7,1.8,1.9,1.9
2018/06/22,Zuoying,CO,0.44,0.83,0.63,0.38,0.33,0.38,0.47,0.67,0.39,0.22,0.21,0.19,0.18,0.19,0.18,0.24,0.29,0.39,0.42,0.37,0.33,0.78,0.62,0.78
2018/06/22,Zuoying,NMHC,0.24,0.44,0.39,0.28,0.24,0.24,0.25,0.3,0.14,0.1,0.09,0.05,0.04,0.04,0.05,0.09,0.14,0.16,0.15,0.12,0.12,0.29,0.25,0.38
2018/06/22,Zuoying,NO,6.5,25,12,3,1.7,4.8,7.2,11,8.3,5.7,4.8,2.4,1.7,2.6,1.9,3.8,5.6,4.6,2.5,2.7,1.8,11,3.9,8.9
2018/06/22,Zuoying,NO2,22,20,21,14,13,14,12,17,14,9.5,9,4.6,4.3,5.4,5.8,10,14,15,17,18,16,23,19,20
2018/06/22,Zuoying,NOx,29,45,33,17,14,18,20,28,22,15,14,6.9,6,8,7.7,14,19,20,19,21,18,34,23,28
2018/06/22,Zuoying,O3,0.7,0.9,1,1.4,1.6,2.2,5.5,12,16,18,19,23,20,21,22,17,13,10,8.7,6.8,8.2,0.9,2.3,1
2018/06/22,Zuoying,PM10,50,38,38,42,43,44,44,48,48,48,46,38,33,30,34,31,27,28,30,33,30,32,32,31
2018/06/22,Zuoying,PM2.5,13,16,13,15,5,10,12,21,17,16,9,11,9,8,9,6,11,5,5,7,6,12,7,12
2018/06/22,Zuoying,RAINFALL,NR,NR,NR,NR,NR,NR,NR,NR,NR,NR,NR,NR,NR,NR,3,NR,NR,NR,NR,NR,NR,NR,NR,NR
2018/06/22,Zuoying,RH,89,90,91,91,91,91,91,89,82,75,76,75,77,78,78,82,82,81,83,84,83,84,87,88
2018/06/22,Zuoying,SO2,4.9,5,6.1,4.2,5.5,4.1,5,7.6,6.7,3.8,3,1.1,0.5,0.4,0.6,1.5,2.6,3.2,3.1,4.2,3.9,2.2,0.8,2.1
2018/06/22,Zuoying,THC,2.1,2.5,2.6,2.5,2.5,2.5,2.4,2.3,1.9,1.8,1.8,1.8,1.7,1.7,1.7,1.8,1.8,1.9,1.9,1.8,1.8,2.1,2.1,2.3
2018/06/22,Zuoying,WD_HR,119,94,122,92,114,111,127,160,175,199,202,209,224,202,210,200,188,197,190,202,172,68,113,209
2018/06/22,Zuoying,WIND_DIREC,199,139,71,82,119,100,156,163,173,207,208,204,194,203,199,195,203,173,207,206,115,88,163,176
2018/06/22,Zuoying,WIND_SPEED,0.6,1.8,1.6,1.2,1.4,2,1.7,2.6,2.7,4.1,3.2,3.7,1.5,2.6,2.4,2.9,2.5,2.3,2,1.5,1.5,1.6,0.9,1.2
2018/06/22,Zuoying,WS_HR,0,0.9,1,1.3,1.3,1.6,1.3,1.6,2,2.5,3.1,2.9,2,2.3,2.5,2.1,2.2,2,1.4,1.6,1.1,1,1,0.6
2018/06/23,Zuoying,AMB_TEMP,27.8,27.5,27.1,27.4,27.2,27.5,27.9,28.4,27.9,29.2,30,31.2,31.4,31.5,30.9,30.9,29.5,29.1,28.8,28.4,28.3,28.2,28.2,28.3
2018/06/23,Zuoying,CH4,1.9,2.1,2.2,2.1,2,1.8,1.7,1.7,1.7,1.7,1.7,1.7,1.7,1.7,1.7,1.7,1.7,1.7,1.7,1.7,1.7,1.7,1.7,1.7
2018/06/23,Zuoying,CO,0.57,0.49,0.33,0.27,0.3,0.19,0.18,0.27,0.27,0.25,0.22,0.17,0.14,0.11,0.1,0.12,0.1,0.11,0.12,0.16,0.19,0.22,0.37,0.34
2018/06/23,Zuoying,NMHC,0.28,0.3,0.23,0.2,0.22,0.09,0.05,0.08,0.08,0.09,0.07,0.04,0.03,0.01,0.01,0.02,0.01,0.01,0.01,0.03,0.04,0.06,0.12,0.13
2018/06/23,Zuoying,NO,7.1,4.8,2.6,1.4,1.2,1.3,2,4.1,4.1,7.4,4.1,2.4,1.9,1.5,1.6,1,1.2,1,0.9,0.9,1,0.9,1.6,1.5
2018/06/23,Zuoying,NO2,22,18,13,13,15,9.8,6.9,9.7,11,11,8.4,3.9,3.4,2.7,2.5,2.2,2.6,2.3,3.6,4.9,6.1,8.6,13,16
2018/06/23,Zuoying,NOx,29,22,15,14,16,11,8.9,14,15,19,13,6.3,5.3,4.3,4.1,3.2,3.8,3.3,4.5,5.8,7,9.4,15,17
2018/06/23,Zuoying,O3,0.5,1.1,2.7,5,3,13,15,13,13,15,19,22,21,21,24,24,27,24,21,20,20,17,9.6,6.7
2018/06/23,Zuoying,PM10,29,34,40,41,32,32,35,42,36,29,27,32,34,34,36,38,30,24,23,26,34,27,34,26
2018/06/23,Zuoying,PM2.5,6,8,7,12,9,10,7,3,10,13,16,9,6,10,6,7,5,7,5,5,5,8,8,5
2018/06/23,Zuoying,RAINFALL,NR,NR,NR,NR,2.4,NR,NR,0.8,1.2,NR,NR,NR,NR,NR,NR,NR,NR,NR,NR,NR,NR,NR,NR,NR
2018/06/23,Zuoying,RH,87,88,89,88,88,90,90,89,87,85,82,73,70,71,72,71,76,79,81,83,85,85,85,85
2018/06/23,Zuoying,SO2,6.9,2.7,1.9,3.8,2.8,1.9,1.9,2.8,1.2,2.5,1.6,0.7,0.1,0.4,0.9,0.3,0.8,0.3,0.5,0.2,-0.1,0.7,1.1,4
2018/06/23,Zuoying,THC,2.2,2.4,2.5,2.3,2.2,1.9,1.8,1.8,1.8,1.8,1.8,1.7,1.7,1.7,1.7,1.7,1.7,1.7,1.7,1.7,1.7,1.8,1.8,1.9
2018/06/23,Zuoying,WD_HR,125,85,104,134,93,155,161,169,194,196,203,217,218,256,273,285,287,293,290,280,254,250,232,204
2018/06/23,Zuoying,WIND_DIREC,28,68,121,130,113,161,155,163,196,193,205,221,237,260,273,286,287,289,300,255,246,254,254,198
2018/06/23,Zuoying,WIND_SPEED,1.1,1.8,1.9,1.6,0.8,2.3,2.7,2.9,1.8,2.3,2.7,2.6,1.9,2.9,3.1,2.4,2.6,1.9,0.9,1,1.5,1.1,0.9,2.1
2018/06/23,Zuoying,WS_HR,1,1.5,1.5,2,1,1.5,1.8,2,1.6,2,1.8,1.9,1.8,1.5,2.5,1.8,2.4,2.3,1.5,1,1.2,0.9,0.6,1.4
2018/06/24,Zuoying,AMB_TEMP,28.4,28.3,28.3,28.1,27.9,27.4,27.7,28.6,30.1,31.8,31.5,30.3,31.3,32.4,32.5,31.5,30.2,29.9,29.2,28.8,28.7,28.9,28.8,28.4
2018/06/24,Zuoying,CH4,1.7,1.7,1.7,1.8,1.9,2.1,2,1.9,1.9,1.8,1.7,1.7,1.7,1.7,1.7,1.7,1.7,1.7,1.7,1.7,1.7,1.7,1.7,1.7
2018/06/24,Zuoying,CO,0.21,0.13,0.15,0.15,0.18,0.25,0.29,0.31,0.37,0.29,0.21,0.19,0.14,0.12,0.11,0.1,0.09,0.12,0.11,0.13,0.24,0.3,0.34,0.22
2018/06/24,Zuoying,NMHC,0.12,0.06,0.05,0.07,0.1,0.14,0.14,0.12,0.16,0.12,0.06,0.05,0.03,0.02,0.02,0.01,0,0.01,0.01,0.01,0.05,0.09,0.12,0.09
2018/06/24,Zuoying,NO,2.1,0,0.1,0.2,-0.2,0.7,2.6,3.3,4,6,2.7,1.4,1.5,0.9,0.4,0.3,0.1,-0.1,-0.1,-0.1,-0.1,-0.2,0.3,-0.1
2018/06/24,Zuoying,NO2,19,10,9.8,7.4,7.6,10,10,9.2,12,15,7,4.9,4.3,3.2,1.6,2.2,1.5,3.5,2.8,4,7.7,11,13,12
2018/06/24,Zuoying,NOx,21,10,9.9,7.5,7.4,11,13,12,16,21,9.7,6.3,5.8,4,2,2.5,1.6,3.4,2.7,3.9,7.7,11,13,12
2018/06/24,Zuoying,O3,8.3,14,14,16,15,6.7,8.4,15,22,24,22,24,24,25,25,25,27,26,25,23,18,15,12,11
2018/06/24,Zuoying,PM10,32,25,26,28,25,34,32,42,32,40,34,32,25,23,20,17,12,22,24,32,24,22,24,28
2018/06/24,Zuoying,PM2.5,4,3,4,1,3,5,10,10,12,18,17,15,6,5,8,11,11,9,5,4,4,11,9,13
2018/06/24,Zuoying,RAINFALL,NR,NR,NR,NR,NR,NR,NR,NR,NR,NR,NR,NR,NR,NR,NR,NR,NR,NR,NR,NR,NR,NR,NR,NR
2018/06/24,Zuoying,RH,84,84,85,86,87,89,88,85,78,69,66,73,71,63,60,64,70,73,75,80,80,78,78,81
2018/06/24,Zuoying,SO2,9.2,7.4,4.4,1.9,1.8,2.6,3.2,4.2,6.6,8.6,3.9,3,2.2,1.6,1.1,1.3,0.8,1.1,1.2,1.2,1.7,2.6,2.5,4.9
2018/06/24,Zuoying,THC,1.8,1.8,1.8,1.8,2,2.2,2.1,2,2,1.9,1.8,1.8,1.7,1.7,1.7,1.7,1.7,1.7,1.7,1.7,1.8,1.8,1.9,1.8
2018/06/24,Zuoying,WD_HR,196,183,119,119,110,87,69,121,159,197,217,221,202,235,260,282,287,270,296,292,276,250,229,256
2018/06/24,Zuoying,WIND_DIREC,189,134,92,190,27,72,77,147,204,192,226,210,195,254,269,291,286,283,300,302,277,180,203,269
2018/06/24,Zuoying,WIND_SPEED,2.3,1.3,1.6,1.3,0.7,1.6,2.1,2,1.9,2.4,3.1,2.4,2.3,3.3,2.7,2.7,2.5,1.8,1.8,0.7,1.4,1.1,1.5,0.9
2018/06/24,Zuoying,WS_HR,1.9,1.5,1.3,1.1,0.7,1.4,1.5,1.6,1.5,1.3,1.9,2,1.8,1.9,2.3,2.4,2.8,1.3,1.9,1,1,0.6,1,1.1
2018/06/25,Zuoying,AMB_TEMP,28.3,28,27.8,27.6,27.4,27.4,28.2,29.4,30.6,31.6,32.3,32.6,32.4,32.6,32.6,32,31.9,30.8,29.8,29.2,29,28.8,28.8,28.5
2018/06/25,Zuoying,CH4,1.7,1.9,2.1,2,1.9,1.8,1.9,1.9,1.8,1.7,1.7,1.7,1.7,1.7,1.7#,1.7,1.7,1.7,1.7,1.7,1.7,1.7,1.7,1.7
2018/06/25,Zuoying,CO,0.18,0.32,0.29,0.22,0.2,0.22,0.39,0.53,0.38,0.33,0.18,0.17,0.14,0.13,0.14#,0.14#,0.17,0.23,0.28,0.22,0.16,0.15,0.17,0.11
2018/06/25,Zuoying,NMHC,0.08,0.12,0.13,0.09,0.07,0.07,0.13,0.18,0.18,0.13,0.06,0.05,0.03,0.02,0.03#,0.03,0.04,0.06,0.08,0.05,0.02,0.02,0.04,0.01
2018/06/25,Zuoying,NO,0,1.2,1.2,1.1,1,1,3,7.5,8.6,6.9,3,2.1,1.9,1.8,2.1#,1.5#,2.1,1.8,1.6,1.3,1,1.1,0.9,1.1
2018/06/25,Zuoying,NO2,11,14,12,9.8,8.1,7.4,11,16,18,15,6.4,4.9,3.8,3.4,5.1#,2.7#,4,5.4,7.7,10,7.6,5.7,6.4,2.8
2018/06/25,Zuoying,NOx,11,16,13,11,9.1,8.4,14,24,27,22,9.3,6.9,5.7,5.1,7.2#,4.3#,6.1,7.2,9.3,11,8.7,6.8,7.3,3.8
2018/06/25,Zuoying,O3,13,8.4,7.2,9.4,11,14,12,17,20,23,28,27,26,24,19#,22,21,21,18,13,17,18,13,13
2018/06/25,Zuoying,PM10,25,28,30,39,40,40,43,41,39,40,39,39,29,30,708#,11#,31,31,35,31,26,26,23,23
2018/06/25,Zuoying,PM2.5,8,12,7,7,8,9,12,14,18,17,10,9,8,13,661#,19#,18,14,13,13,13,11,10,6
2018/06/25,Zuoying,RAINFALL,NR,NR,NR,NR,NR,NR,NR,NR,NR,NR,NR,NR,NR,NR,8#,NR,NR,NR,NR,NR,NR,NR,NR,NR
2018/06/25,Zuoying,RH,83,85,87,87,86,84,82,77,71,66,61,63,62,61,59,61,61,65,72,78,81,83,84,83
2018/06/25,Zuoying,SO2,5,1.5,2.3,2.6,2.2,0.8,1.5,6.1,9.9,5.8,1.6,1.6,0.9,0.5,0.4#,0.7#,1,1.1,0.9,3.8,3.9,1.6,1.8,0.4
2018/06/25,Zuoying,THC,1.8,2,2.2,2.1,1.9,1.9,2,2.1,2,1.9,1.8,1.8,1.7,1.7,1.7#,1.7,1.7,1.8,1.8,1.7,1.7,1.7,1.7,1.7
2018/06/25,Zuoying,WD_HR,242,5.3,53,87,81,102,56,124,212,214,210,216,220,220,210,217,226,228,214,249,261,254,252,255
2018/06/25,Zuoying,WIND_DIREC,319,5.4,50,83,86,93,160,118,211,223,207,228,210,245,198,227,234,239,205,278,253,239,246,261
2018/06/25,Zuoying,WIND_SPEED,0.6,1,1.4,2.2,1.4,0.9,1.1,1.3,2.3,2.9,2.4,3.4,3.5,3,3.5,3.1,2.5,1.9,3.2,1.4,1.6,1.8,1.6,1.7
2018/06/25,Zuoying,WS_HR,0.6,0.9,1.1,1.7,1.2,1.1,0.2,1.2,1.8,1.5,2.2,2.3,2.9,2.5,2.6,2.8,1.7,1.5,1.6,1.2,1.6,1.5,1.2,1.5
2018/06/26,Zuoying,AMB_TEMP,28.2,28.2,28,27.9,27.8,27.2,27.7,29.1,30.6,30.8,31.3,31.6,31.6,31.6,30.6,29,29.2,29.4,29.2,29.1,29,29,28.8,28.8
2018/06/26,Zuoying,CH4,1.7,1.7,1.7,1.7,1.8,1.8,1.8,1.8,1.8,1.8,1.7,1.7,1.7,1.7,1.7,1.7,1.7,1.7,1.7,1.7,1.7,1.7,1.8,1.8
2018/06/26,Zuoying,CO,0.1,0.08,0.08,0.09,0.15,0.18,0.21,0.26,0.3,0.15,0.11,0.09,0.08,0.11,0.09,0.11,0.1,0.12,0.12,0.12,0.15,0.17,0.18,0.19
2018/06/26,Zuoying,NMHC,0,0.02,0,0.02,0.1,0.13,0.1,0.1,0.08,0.04,0.03,0.01,0.01,0.01,0.02,0.03,0.01,0.03,0.02,0.02,0.04,0.05,0.06,0.08
2018/06/26,Zuoying,NO,1.1,0.7,0.6,0.9,1.1,1.1,2.1,2.9,5.8,3.7,2.1,1.9,1.5,1.2,1.7,2.1,2.3,1.5,1,0.8,1.1,3,2.7,3.7
2018/06/26,Zuoying,NO2,2.8,3.5,3.2,3.7,7.6,8,7.6,7,10,7,4.3,3.5,2.4,3.7,5,12,6.5,4.8,4.6,5.1,9.9,15,14,13
2018/06/26,Zuoying,NOx,3.9,4.2,3.9,4.6,8.7,9.1,9.6,9.9,16,11,6.5,5.3,3.8,4.9,6.7,14,8.9,6.3,5.6,5.9,11,18,17,17
2018/06/26,Zuoying,O3,13,13,12,9.8,7.7,7.8,12,17,16,23,31,29,35,45,30,16,19,20,18,16,11,4.7,4.1,4.3
2018/06/26,Zuoying,PM10,26,27,34,34,32,31,36,38,39,34,27,17,20,29,20,16,26,28,27,30,30,33,35,35
2018/06/26,Zuoying,PM2.5,5,1,2,1,1,1,6,6,10,10,14,11,7,6,7,7,13,6,9,11,10,7,2,6
2018/06/26,Zuoying,RAINFALL,NR,NR,NR,NR,NR,NR,NR,NR,NR,NR,NR,NR,NR,NR,0.2,0.4,NR,NR,NR,NR,NR,NR,NR,NR
2018/06/26,Zuoying,RH,84,84,84,85,86,87,87,82,75,71,71,70,70,72,73,80,80,79,78,78,77,76,76,76
2018/06/26,Zuoying,SO2,1.3,0.9,1.1,0.9,1.1,1.2,1.2,1.8,6.3,3.2,1.8,1.6,1.5,2.3,2.6,2.1,1.2,1,0.9,0.8,0.9,1.1,1.5,1.5
2018/06/26,Zuoying,THC,1.7,1.7,1.7,1.7,1.9,2,1.9,1.9,1.8,1.8,1.8,1.7,1.7,1.8,1.7,1.7,1.7,1.7,1.7,1.7,1.8,1.8,1.8,1.9
2018/06/26,Zuoying,WD_HR,263,258,270,357,31,30,40,17,7.9,302,298,302,299,297,290,300,297,309,320,320,331,310,307,335
2018/06/26,Zuoying,WIND_DIREC,258,263,292,25,35,39,31,359,338,303,304,299,297,283,298,308,294,323,334,346,336,313,311,298
2018/06/26,Zuoying,WIND_SPEED,1.2,1.8,1.3,1.5,1.9,1.8,2.2,2.4,2.3,3.3,3.7,4.7,5,3.7,3.3,2.9,3.4,2.6,1.8,1.8,1.2,1,1,0.5
2018/06/26,Zuoying,WS_HR,1.3,1.1,1.2,0.7,1.5,1.8,2,2.3,2.5,2.9,3.4,3.8,4.6,4.2,3.5,2.4,3.3,2.5,2,1.9,1.1,1,0.9,0.7
2018/06/27,Zuoying,AMB_TEMP,28.7,28.3,28.2,27.7,27.5,27.4,28,29.4,29.9,30.8,31,31.2,31.3,30.5,28.7,28.5,28.7,28,27.8,27.8,27.9,27.8,27.9,27.9
2018/06/27,Zuoying,CH4,1.8,1.8,1.9,1.9,1.9,1.9,1.9,1.9,1.9,1.8,1.7,1.7,1.7,1.7,1.7,1.7,1.7,1.8,1.8,1.8,1.8,1.9,1.9,1.9
2018/06/27,Zuoying,CO,0.17,0.18,0.34,0.27,0.27,0.36,0.38,0.36,0.33,0.23,0.13,0.13,0.11,0.11,0.12,0.15,0.23,0.44,0.63,0.54,0.52,0.88,0.79,0.58
2018/06/27,Zuoying,NMHC,0.06,0.05,0.25,0.2,0.18,0.17,0.27,0.18,0.12,0.07,0.02,0.02,0.01,0,0.01,0.03,0.08,0.26,0.3,0.23,0.25,0.41,0.33,0.25
2018/06/27,Zuoying,NO,1.7,0.3,4.1,1.7,0.5,3.1,4.7,2.6,3.1,2.1,0.9,1,0.6,0.7,0.3,0.7,0.9,3.3,2.7,0.3,0.3,9.8,7.8,1
2018/06/27,Zuoying,NO2,12,8.3,16,14,13,15,14,11,11,9.4,4.1,4.3,3.2,3.4,4.7,9.8,9.9,25,27,21,21,33,27,22
2018/06/27,Zuoying,NOx,13,8.7,21,16,14,18,18,14,14,12,5,5.3,3.8,4,5,10,11,29,30,22,21,43,35,23
2018/06/27,Zuoying,O3,5.9,8.8,1,2.6,3.3,2.7,10,21,24,29,33,33,33,34,29,21,20,13,10,15,12,1.3,4.3,7.8
2018/06/27,Zuoying,PM10,33,29,36,43,50,54,58,56,49,48,43,41,30,32,24,19,14,27,37,48,39,37,33,34
2018/06/27,Zuoying,PM2.5,2,9,4,8,6,14,14,12,14,21,19,14,14,18,16,12,13,12,10,5,3,1,2,9
2018/06/27,Zuoying,RAINFALL,NR,NR,NR,NR,NR,NR,NR,NR,NR,NR,NR,NR,NR,NR,1.8,NR,NR,NR,NR,NR,NR,NR,NR,NR
2018/06/27,Zuoying,RH,76,77,80,82,85,85,85,78,73,69,74,73,72,73,81,85,85,84,84,83,82,83,83,81
2018/06/27,Zuoying,SO2,1.5,1.2,1.7,2.3,3.6,4.9,3.7,2,1.8,1.9,1.4,1.7,1.1,1.7,1.2,1.2,0.8,2,1.4,0.7,1,1.9,2.3,1.2
2018/06/27,Zuoying,THC,1.8,1.8,2.2,2.1,2.1,2.1,2.1,2,2,1.9,1.7,1.7,1.7,1.7,1.7,1.7,1.8,2.1,2.1,2,2.1,2.3,2.2,2.2
2018/06/27,Zuoying,WD_HR,335,340,48,27,71,27,25,25,6,332,298,305,297,299,291,324,11,28,7.2,36,345,37,84,83
2018/06/27,Zuoying,WIND_DIREC,330,21,52,27,101,18,29,28,1.4,288,300,308,287,286,309,337,36,17,45,8.9,334,87,82,67
2018/06/27,Zuoying,WIND_SPEED,0.6,1,0.6,1.1,0.9,1.6,2.2,2.7,2.5,3.9,4.7,4.3,5,3.6,2.8,1.9,2.7,1.6,1.6,0.8,0.9,0.7,1.6,1.8
2018/06/27,Zuoying,WS_HR,0.9,0.7,0.8,0.9,0.6,1.2,1.4,2.1,2.8,2.2,3.6,4.5,4.6,4.5,2.6,1.8,1.9,1.8,1.6,1.2,0.6,0.8,1.1,1.7
2018/06/28,Zuoying,AMB_TEMP,27.8,28.2,27.6,27.2,26.9,26.7,27.4,29.1,30.3,30.6,31.9,32.1,32.3,32.2,31.7,32.1,31.6,30.6,29.5,29.2,29.1,29,28.7,28.7
2018/06/28,Zuoying,CH4,2,1.9,2.1,2.1,2,1.9,1.9,1.8,1.8,1.7,1.7,1.7,1.7,1.7,1.7,1.7,1.7,1.7,1.7,1.7,1.7,1.7,1.7,1.7
2018/06/28,Zuoying,CO,0.64,0.31,0.31,0.3,0.26,0.3,0.42,0.46,0.56,0.3,0.15,0.15,0.12,0.11,0.12,0.13,0.11,0.13,0.14,0.14,0.16,0.18,0.16,0.16
2018/06/28,Zuoying,NMHC,0.32,0.24,0.19,0.17,0.13,0.13,0.29,0.22,0.15,0.14,0.05,0.05,0.03,0.02,0.02,0.03,0.02,0.02,0.03,0.02,0.04,0.05,0.05,0.05
2018/06/28,Zuoying,NO,1.4,0.9,0.9,1.1,0.9,1.4,5.5,6.5,6.9,8.9,3.4,1.9,1.6,1.4,1.9,2.1,1.9,1.3,0.8,0.4,0.6,0.6,0.5,0.4
2018/06/28,Zuoying,NO2,24,22,16,16,13,14,17,16,17,16,5.5,5.1,4.3,3.7,4.4,4.4,4,5.8,6,5.5,5.6,6.6,7.6,8
2018/06/28,Zuoying,NOx,25,23,17,17,14,16,23,23,24,25,8.9,7,6,5.1,6.3,6.5,5.9,7.2,6.8,5.9,6.2,7.2,8.1,8.5
2018/06/28,Zuoying,O3,4.9,9.3,6.3,5.9,8.2,6.3,11,17,18,14,20,24,25,21,19,16,21,21,17,18,16,14,13,12
2018/06/28,Zuoying,PM10,39,40,46,45,42,43,49,52,49,44,37,30,26,28,28,29,25,20,18,19,23,23,27,33
2018/06/28,Zuoying,PM2.5,18,19,14,13,11,12,11,16,19,24,22,21,14,10,9,10,7,8,12,12,5,1,4,3
2018/06/28,Zuoying,RAINFALL,NR,NR,NR,NR,NR,NR,NR,NR,NR,NR,NR,NR,NR,NR,NR,NR,NR,NR,NR,NR,NR,NR,NR,NR
2018/06/28,Zuoying,RH,81,81,84,86,87,87,86,80,72,71,66,65,65,65,64,66,66,70,76,79,79,79,80,81
2018/06/28,Zuoying,SO2,2.5,11,4.3,2.6,3.2,2.4,2.4,3.6,5.6,6.1,1.6,1.9,1.4,1.9,1.2,1.2,1.1,2.3,1.9,0.8,0.4,0.8,1,1.1
2018/06/28,Zuoying,THC,2.3,2.1,2.2,2.3,2.2,2.1,2.2,2.1,1.9,1.9,1.8,1.8,1.7,1.7,1.7,1.7,1.7,1.7,1.7,1.7,1.7,1.8,1.8,1.8
2018/06/28,Zuoying,WD_HR,125,176,56,74,67,38,24,84,188,209,211,203,209,221,209,223,260,252,247,250,255,245,249,239
2018/06/28,Zuoying,WIND_DIREC,141,182,47,86,61,40,0.8,135,217,200,213,197,236,219,210,238,266,241,267,222,272,248,267,248
2018/06/28,Zuoying,WIND_SPEED,1.2,1.5,1.5,1.9,0.8,1.4,1.1,1.9,1.9,2.6,3.3,4.2,2.6,3.5,2.9,2.8,3.4,2.4,1.2,1.5,1.1,1.5,1,1
2018/06/28,Zuoying,WS_HR,1.4,1.2,0.9,1.8,1,1,1,0.7,1.6,2.1,2.2,3.2,2.3,2.9,3,1.6,2.2,1.7,1.8,1.4,1,1,0.8,0.7
2018/06/29,Zuoying,AMB_TEMP,28.6,28.7,28.2,28.1,28,27.8,28.6,28.5,29.3,31.2,31.2,31.8,31.6,31.8,31.8,31.6,31.3,30.4,29.8,29.4,29.2,29,29,28.9
2018/06/29,Zuoying,CH4,1.7,1.7,1.9,2,2,2,2,1.8,1.8,1.7,1.7,1.7,1.7,1.7,1.7,1.7,1.7,1.7,1.7,1.7,1.7,1.7,1.7,1.7
2018/06/29,Zuoying,CO,0.12,0.09,0.14,0.17,0.17,0.22,0.3,0.25,0.32,0.17,0.13,0.1,0.08,0.08,0.09,0.1,0.11,0.12,0.11,0.15,0.14,0.11,0.13,0.11
2018/06/29,Zuoying,NMHC,0.03,0.02,0.07,0.09,0.09,0.11,0.13,0.09,0.1,0.06,0.03,0.02,0,0,0,0.01,0.02,0.01,0.01,0.03,0.03,0.01,0.03,0.02
2018/06/29,Zuoying,NO,0.5,0.4,0.8,1.2,0.9,2.1,6,11,11,4,2.9,1.3,1.5,1.1,1.1,1.5,1.3,1,1,1.3,1.9,3.1,1.1,0.6
2018/06/29,Zuoying,NO2,8,5.6,6.2,8.9,8.8,9.9,10,12,12,6.6,5.5,2.1,2.3,2,1.8,1.8,2.8,2.9,3.3,9.2,10,9.5,8.1,4.2
2018/06/29,Zuoying,NOx,8.5,6,7,10,9.7,12,16,23,23,11,8.4,3.4,3.8,3,2.9,3.3,4.1,3.9,4.3,10,12,13,9.2,4.7
2018/06/29,Zuoying,O3,14,15,9.5,6.5,6.1,4.5,6.8,7.6,11,16,18,19,25,25,20,21,19,19,18,11,9.7,8.9,8.3,11
2018/06/29,Zuoying,PM10,28,25,19,21,20,24,23,24,25,27,33,28,26,19,23,24,22,20,22,25,28,27,25,18
2018/06/29,Zuoying,PM2.5,4,1,2,1,1,6,7,9,11,8,9,4,4,1,2,2,3,2,1,7,2,3,1,2
2018/06/29,Zuoying,RAINFALL,NR,NR,NR,NR,NR,NR,NR,NR,NR,NR,NR,NR,NR,NR,NR,NR,NR,NR,NR,NR,NR,NR,NR,NR
2018/06/29,Zuoying,RH,82,82,84,85,84,84,83,81,81,70,69,69,68,69,68,68,67,71,75,75,77,78,79,78
2018/06/29,Zuoying,SO2,1.4,2.1,1.9,2.7,2,1.6,3.3,2.7,2.8,2.2,2,1.1,2,1.6,1.4,1.2,1.2,1.3,1.1,1.1,0.9,0.5,1,1.1
2018/06/29,Zuoying,THC,1.7,1.7,2,2.1,2,2.1,2.1,1.9,1.9,1.8,1.7,1.7,1.7,1.7,1.7,1.7,1.7,1.7,1.7,1.7,1.7,1.7,1.7,1.7
2018/06/29,Zuoying,WD_HR,210,208,26,62,79,64,73,326,245,206,257,280,279,280,271,280,279,279,284,262,246,280,249,255
2018/06/29,Zuoying,WIND_DIREC,219,268,36,87,64,84,69,297,202,220,262,290,271,295,275,269,285,283,274,248,246,290,247,263
2018/06/29,Zuoying,WIND_SPEED,1.6,1.4,0.9,1.8,1.3,1.2,2,1,1.5,1.9,3,3,2.7,3.1,2.9,2.3,2.4,2.2,2.2,1.2,2.3,1,1.5,1.5
2018/06/29,Zuoying,WS_HR,0.8,1.2,0.8,1.1,1.1,1.2,1.4,1.1,0.4,1.5,1.9,2.4,3.1,2.9,2.5,2.5,2.1,2.3,1.8,1.1,1.4,1.2,1.3,1.5
2018/06/30,Zuoying,AMB_TEMP,28.9,28.8,28.6,28.5,28.6,28.6,28.3,29.2,30,31.4,31.7,31,31.1,31.3,32,31.4,31,30.9,28.8,28.9,27.9,27.6,27.7,27.5
2018/06/30,Zuoying,CH4,1.7,1.7,1.7,1.7,1.7,1.7,1.9,1.8,1.8,1.7,1.7,1.7,1.7,1.7,1.7,1.7,1.7,1.7,1.8,1.8,1.8,1.8,1.8,1.8
2018/06/30,Zuoying,CO,0.1,0.09,0.09,0.09,0.09,0.16,0.26,0.35,0.3,0.18,0.15,0.13,0.12,0.12,0.12,0.12,0.13,0.15,0.28,0.36,0.33,0.33,0.37,0.28
2018/06/30,Zuoying,NMHC,0.01,0,0,0.01,0.01,0.05,0.12,0.14,0.12,0.05,0.03,0.02,0.01,0.01,0.01,0.01,0.01,0.02,0.13,0.11,0.12,0.1,0.1,0.17
2018/06/30,Zuoying,NO,0.7,0.2,-0.1,0.2,-0.1,0.1,3.3,6.8,3.6,1.2,-0.1,0.1,0.4,0.2,0.2,0.1,0.1,0,0.7,0.4,0.5,0.3,0.3,0.3
2018/06/30,Zuoying,NO2,4.7,4.1,3.4,2.7,2.4,5.1,10,11,9.7,5.2,3.3,3.5,3.7,2.8,2.5,2.8,2.3,3.2,15,17,15,15,14,17
2018/06/30,Zuoying,NOx,5.4,4.3,3.3,2.9,2.3,5.3,13,18,13,6.4,3.2,3.6,4.1,3,2.8,2.9,2.4,3.1,16,17,16,15,15,17
2018/06/30,Zuoying,O3,9.7,14,16,16,19,13,6.1,10,25,34,39,36,39,44,33,33,30,34,22,19,18,18,19,16
2018/06/30,Zuoying,PM10,16,14,17,18,21,23,27,32,29,31,28,35,37,37,38,34,37,36,41,35,32,31,32,31
2018/06/30,Zuoying,PM2.5,4,9,6,7,3,6,1,11,11,16,17,14,14,5,12,14,18,12,4,4,8,18,14,10
2018/06/30,Zuoying,RAINFALL,NR,NR,NR,NR,NR,NR,NR,0.6,NR,NR,NR,NR,NR,NR,NR,NR,NR,NR,NR,0.2,1.8,NR,NR,NR
2018/06/30,Zuoying,RH,77,77,80,81,80,80,84,82,80,71,69,70,72,73,70,74,75,73,75,77,81,85,85,83
2018/06/30,Zuoying,SO2,1.5,1,0.6,0,0,0.4,0.9,1.6,0.8,0.8,0.9,1.1,0.9,1.3,0.8,1.2,0.8,0.6,2.6,0.4,0.9,0.7,0.1,2.8
2018/06/30,Zuoying,THC,1.7,1.7,1.7,1.7,1.7,1.8,2,2,1.9,1.8,1.8,1.7,1.7,1.7,1.7,1.7,1.7,1.7,1.9,1.9,1.9,1.9,1.9,2
2018/06/30,Zuoying,WD_HR,253,256,256,272,263,13,61,186,249,275,282,297,295,301,282,264,277,299,82,49,52,68,54,332
2018/06/30,Zuoying,WIND_DIREC,258,258,265,248,258,97,52,204,278,276,287,303,289,298,247,277,283,51,106,36,123,110,27,295
2018/06/30,Zuoying,WIND_SPEED,1.7,1.4,0.8,0.9,0.8,1.2,1.9,1.2,2.1,3.3,2.8,3.2,2.8,3.1,2.5,2.9,4,3.4,2.2,1.9,1.6,1.1,1.3,3.2
2018/06/30,Zuoying,WS_HR,1.2,1.3,1.2,0.5,0.6,0.2,1.6,0.3,1.1,1.7,2.3,2.9,3,2.9,2.3,2.5,3.1,1.6,2.1,1.6,2.1,1.4,0.6,1
